Loan_ID,Gender,Married,Dependents,Education,Self_Employed,ApplicantIncome,CoapplicantIncome,LoanAmount,Loan_Amount_Term,Credit_History,Property_Area,Loan_Status
LP000001,Male,Married,2.0,Graduate,Yes,9737,2792,37814.0,180.0,1.0,Rural,Y
LP000002,Male,Single,0.0,Graduate,Yes,11449,312,,180.0,,Rural,Y
LP000003,Male,Single,1.0,Not Graduate,No,8948,1113,21373.0,360.0,1.0,Urban,Y
LP000004,Female,Single,1.0,Graduate,,8263,129,17853.0,360.0,,Urban,Y
LP000005,Female,Single,0.0,Not Graduate,,5604,0,,240.0,1.0,Semiurban,Y
LP000006,Female,Married,0.0,Graduate,Yes,5607,1480,19499.0,120.0,0.0,Urban,N
LP000007,Female,Single,3.0,Not Graduate,Yes,2729,0,10022.0,120.0,,Rural,Y
LP000008,Male,Married,1.0,Graduate,No,6919,3101,13629.0,240.0,1.0,Rural,Y
LP000009,Male,Single,0.0,Graduate,Yes,4730,588,8398.0,120.0,1.0,Urban,Y
LP000010,Female,Married,3.0,Not Graduate,No,7127,2099,20912.0,180.0,1.0,Urban,Y
LP000011,Female,Single,3.0,Not Graduate,Yes,3495,1981,13630.0,180.0,1.0,Urban,Y
LP000012,Male,Married,1.0,Not Graduate,Yes,2826,4233,10753.0,240.0,1.0,Semiurban,Y
LP000013,Male,Married,2.0,Not Graduate,Yes,6626,60,9610.0,120.0,1.0,Semiurban,Y
LP000014,Female,Married,0.0,Not Graduate,Yes,6590,4107,28209.0,180.0,1.0,Urban,Y
LP000015,Male,Single,3.0,Graduate,Yes,6124,259,8407.0,120.0,0.0,Semiurban,Y
LP000016,Male,Married,0.0,Not Graduate,Yes,3840,2309,20572.0,300.0,0.0,Urban,N
LP000017,Male,Single,3.0,Graduate,Yes,7616,0,21014.0,120.0,1.0,Rural,Y
LP000018,Female,Single,0.0,Graduate,Yes,5248,0,,360.0,1.0,Rural,Y
LP000019,Male,Married,0.0,Graduate,Yes,11820,4396,29652.0,360.0,0.0,Semiurban,Y
LP000020,Male,Single,3.0,Graduate,Yes,5495,765,20535.0,300.0,1.0,Urban,Y
LP000021,Female,Married,0.0,Graduate,No,5931,2721,13972.0,120.0,1.0,Semiurban,Y
LP000022,Male,Married,0.0,Not Graduate,No,2411,4218,23764.0,360.0,1.0,Urban,Y
LP000023,Male,Single,1.0,Not Graduate,No,4819,1302,17073.0,180.0,,Urban,Y
LP000024,Male,Married,0.0,Graduate,Yes,5284,3542,32924.0,180.0,1.0,Semiurban,Y
LP000025,Female,Married,1.0,Not Graduate,Yes,5892,5346,4542.0,240.0,1.0,Semiurban,Y
LP000026,Female,Married,1.0,Not Graduate,Yes,8465,3130,26213.0,,1.0,Rural,Y
LP000027,Female,Married,0.0,Not Graduate,Yes,6275,18,14626.0,360.0,0.0,Urban,N
LP000028,Male,Married,1.0,Not Graduate,,7071,5216,25623.0,300.0,1.0,Rural,Y
LP000029,Male,Single,2.0,Not Graduate,Yes,2978,98,,120.0,1.0,Semiurban,Y
LP000030,Female,Single,2.0,Graduate,Yes,7568,76,22248.0,240.0,,Rural,Y
LP000031,Male,Married,2.0,Graduate,No,8178,4452,24481.0,360.0,1.0,Semiurban,Y
LP000032,Female,Single,0.0,Not Graduate,Yes,4180,186,5803.0,180.0,1.0,Urban,Y
LP000033,Male,Single,2.0,Graduate,No,7462,708,20458.0,180.0,,Semiurban,Y
LP000034,Female,Married,0.0,Not Graduate,No,5296,876,13353.0,,1.0,Urban,Y
LP000035,Female,Married,3.0,Not Graduate,,4971,1796,16044.0,360.0,1.0,Rural,Y
LP000036,Male,Single,1.0,Not Graduate,Yes,6010,2008,,360.0,1.0,Urban,Y
LP000037,Male,Married,0.0,Not Graduate,No,6772,2888,9321.0,300.0,1.0,Urban,Y
LP000038,Male,Single,0.0,Graduate,No,6413,548,31119.0,240.0,0.0,Rural,N
LP000039,Female,Married,0.0,Not Graduate,Yes,5422,3452,21938.0,240.0,1.0,Semiurban,Y
LP000040,Male,Married,0.0,Graduate,No,3242,4714,,120.0,1.0,Urban,Y
LP000041,Female,Single,3.0,Not Graduate,Yes,6977,0,25272.0,360.0,0.0,Semiurban,Y
LP000042,Female,Married,0.0,Not Graduate,No,1794,3880,24127.0,120.0,1.0,Rural,Y
LP000043,Male,Single,0.0,Not Graduate,Yes,2523,46,6627.0,300.0,,Rural,N
LP000044,Male,Single,3.0,Graduate,No,4863,0,12424.0,300.0,1.0,Urban,Y
LP000045,Female,Single,3.0,Not Graduate,No,2344,878,5685.0,120.0,1.0,Urban,Y
LP000046,Female,Married,2.0,Not Graduate,Yes,10649,1825,27971.0,120.0,,Semiurban,Y
LP000047,Female,Single,3.0,Not Graduate,Yes,7033,0,18862.0,300.0,1.0,Rural,Y
LP000048,Male,Single,2.0,Graduate,Yes,10748,0,28457.0,120.0,1.0,Urban,Y
LP000049,Male,Married,3.0,Graduate,No,8813,4172,19613.0,240.0,1.0,Rural,Y
LP000050,Female,Single,3.0,Graduate,Yes,2208,917,8554.0,360.0,0.0,Urban,N
LP000051,Male,Married,3.0,Graduate,Yes,8776,3519,24048.0,360.0,1.0,Semiurban,Y
LP000052,Female,Single,3.0,Not Graduate,Yes,5580,734,12176.0,240.0,1.0,Urban,Y
LP000053,Female,Single,1.0,Not Graduate,No,9664,879,16309.0,360.0,1.0,Urban,Y
LP000054,Female,Married,1.0,Graduate,Yes,10360,1537,37233.0,240.0,1.0,Rural,Y
LP000055,Female,Single,2.0,Not Graduate,No,7896,0,25825.0,360.0,1.0,Semiurban,Y
LP000056,Male,Single,3.0,Graduate,No,7841,1157,36148.0,120.0,1.0,Semiurban,Y
LP000057,,Single,1.0,Not Graduate,No,4386,0,7843.0,240.0,1.0,Semiurban,Y
LP000058,Female,Married,3.0,Graduate,Yes,4618,2884,20802.0,,1.0,Rural,Y
LP000059,Female,Married,3.0,Graduate,Yes,8879,4240,32933.0,120.0,1.0,Urban,Y
LP000060,Female,Single,2.0,Not Graduate,No,8633,288,41715.0,360.0,1.0,Rural,Y
LP000061,Female,Married,0.0,Graduate,Yes,10240,1714,19643.0,180.0,1.0,Urban,Y
LP000062,Male,Married,3.0,Graduate,Yes,9681,2664,37913.0,240.0,1.0,Semiurban,Y
LP000063,Male,Married,2.0,Graduate,Yes,9645,2890,22845.0,120.0,1.0,Semiurban,Y
LP000064,Male,Married,1.0,Graduate,No,1892,2330,13447.0,300.0,,Rural,N
LP000065,Female,Single,2.0,Graduate,No,7195,0,18984.0,360.0,0.0,Semiurban,Y
LP000066,Female,Single,1.0,Not Graduate,Yes,5963,0,15640.0,300.0,0.0,Semiurban,N
LP000067,Female,Single,3.0,Not Graduate,No,5145,0,14335.0,180.0,0.0,Urban,Y
LP000068,Female,Married,3.0,Not Graduate,,7682,4624,41139.0,360.0,1.0,Semiurban,Y
LP000069,Male,Single,2.0,Not Graduate,No,1555,0,4528.0,300.0,0.0,Semiurban,N
LP000070,Male,Married,1.0,Not Graduate,No,7541,3772,63151.0,300.0,,Rural,Y
LP000071,Female,Single,0.0,Graduate,No,8355,1408,31858.0,180.0,1.0,Urban,Y
LP000072,Female,Single,2.0,Not Graduate,No,6628,247,21361.0,120.0,0.0,Semiurban,Y
LP000073,Male,Married,1.0,Not Graduate,Yes,3681,2644,13356.0,300.0,,Rural,Y
LP000074,Male,Single,2.0,Not Graduate,Yes,5204,2351,7601.0,180.0,1.0,Semiurban,Y
LP000075,Male,Married,2.0,Graduate,Yes,10476,580,23465.0,300.0,1.0,Urban,Y
LP000076,Female,Married,0.0,Not Graduate,No,9266,3096,20246.0,240.0,1.0,Urban,Y
LP000077,Female,Single,0.0,Graduate,No,4175,1043,9996.0,240.0,1.0,Rural,Y
LP000078,Male,Married,2.0,Graduate,Yes,8644,3068,23174.0,360.0,,Semiurban,Y
LP000079,Male,Single,3.0,Not Graduate,No,10359,1007,10000.0,,0.0,Semiurban,N
LP000080,Male,Married,1.0,Graduate,No,8527,2007,,360.0,1.0,Urban,Y
LP000081,Male,Married,3.0,Not Graduate,No,3622,2827,18727.0,120.0,1.0,Semiurban,Y
LP000082,Female,Married,1.0,Not Graduate,Yes,8597,1199,21868.0,240.0,1.0,Urban,Y
LP000083,Female,Married,0.0,Graduate,Yes,5947,2020,31169.0,120.0,1.0,Rural,Y
LP000084,Female,Married,3.0,Not Graduate,No,7214,1108,26915.0,120.0,,Semiurban,Y
LP000085,Male,Single,2.0,Not Graduate,Yes,10305,1325,14938.0,360.0,1.0,Rural,Y
LP000086,Male,Single,0.0,Graduate,No,4926,1513,12452.0,300.0,1.0,Semiurban,Y
LP000087,Female,Single,0.0,Not Graduate,No,6109,1119,,240.0,1.0,Rural,Y
LP000088,Male,Single,3.0,Not Graduate,,4851,0,8152.0,240.0,0.0,Rural,Y
LP000089,Male,Single,2.0,Not Graduate,Yes,4368,0,16624.0,240.0,0.0,Urban,N
LP000090,Female,Single,0.0,Graduate,No,1852,147,5206.0,300.0,1.0,Rural,Y
LP000091,,Married,2.0,Graduate,No,13420,846,48939.0,240.0,1.0,Semiurban,Y
LP000092,Male,Married,2.0,Graduate,No,7839,1527,26877.0,360.0,1.0,Urban,Y
LP000093,Male,Married,3.0,Not Graduate,No,6597,2099,22225.0,,0.0,Semiurban,Y
LP000094,Male,Single,1.0,Graduate,Yes,5247,590,17684.0,120.0,1.0,Semiurban,Y
LP000095,Female,Married,2.0,Not Graduate,No,10758,1143,50060.0,180.0,1.0,Semiurban,Y
LP000096,Female,Single,2.0,Graduate,Yes,1000,378,4093.0,300.0,1.0,Semiurban,Y
LP000097,Female,Single,3.0,Graduate,No,7413,1,,360.0,1.0,Rural,Y
LP000098,Male,Single,0.0,Not Graduate,Yes,3767,28,,180.0,1.0,Rural,N
LP000099,Male,Single,2.0,Not Graduate,No,5892,0,18970.0,360.0,0.0,Rural,N
LP000100,,Single,3.0,Graduate,Yes,7498,1150,25976.0,180.0,,Semiurban,Y
LP000101,Male,Single,0.0,Graduate,No,3805,51,11945.0,180.0,1.0,Urban,Y
LP000102,Male,Single,2.0,Not Graduate,,6525,483,18177.0,,,Semiurban,Y
LP000103,Male,Married,1.0,Graduate,No,12782,2112,43753.0,,,Semiurban,Y
LP000104,Male,Married,3.0,Not Graduate,No,5393,2673,27255.0,120.0,,Semiurban,Y
LP000105,,Married,3.0,Not Graduate,No,8476,4220,44999.0,,1.0,Semiurban,Y
LP000106,Male,Single,3.0,Graduate,Yes,6568,1045,17142.0,240.0,1.0,Rural,Y
LP000107,Female,Married,3.0,Not Graduate,Yes,6972,2804,25198.0,300.0,0.0,Rural,N
LP000108,Female,Single,1.0,Not Graduate,Yes,6487,0,27076.0,180.0,1.0,Rural,Y
LP000109,Male,Married,0.0,Not Graduate,No,2981,1178,14250.0,360.0,,Rural,Y
LP000110,Female,Single,3.0,Graduate,Yes,9072,999,30239.0,180.0,,Semiurban,Y
LP000111,Female,Married,2.0,Not Graduate,No,5963,1654,19504.0,120.0,0.0,Semiurban,N
LP000112,Male,Married,3.0,Not Graduate,Yes,3968,4462,20083.0,240.0,1.0,Rural,Y
LP000113,Female,Single,3.0,Not Graduate,Yes,2936,242,8994.0,180.0,1.0,Rural,Y
LP000114,Female,Married,0.0,Not Graduate,No,4308,1766,16369.0,240.0,1.0,Urban,Y
LP000115,Female,Single,0.0,Graduate,Yes,7296,94,15690.0,300.0,1.0,Semiurban,Y
LP000116,Female,Married,3.0,Graduate,No,8704,827,13095.0,300.0,1.0,Semiurban,Y
LP000117,Female,Married,3.0,Not Graduate,Yes,3844,2679,17929.0,120.0,1.0,Rural,Y
LP000118,Female,Married,3.0,Not Graduate,Yes,10426,4286,34897.0,360.0,,Semiurban,Y
LP000119,Male,Married,0.0,Not Graduate,Yes,5942,1496,18484.0,180.0,0.0,Urban,Y
LP000120,,Married,1.0,Not Graduate,Yes,5134,3484,,300.0,,Urban,Y
LP000121,Female,Married,0.0,Graduate,Yes,9825,5299,,360.0,1.0,Urban,Y
LP000122,Male,Married,2.0,Graduate,Yes,9366,4035,29201.0,240.0,1.0,Rural,Y
LP000123,Female,Single,0.0,Not Graduate,Yes,5560,510,15649.0,300.0,1.0,Rural,Y
LP000124,Female,Married,0.0,Not Graduate,,3680,3036,19465.0,240.0,,Semiurban,Y
LP000125,Female,Married,0.0,Not Graduate,Yes,10353,4438,62455.0,360.0,1.0,Rural,Y
LP000126,,Single,2.0,Not Graduate,No,3081,1197,11322.0,360.0,0.0,Urban,N
LP000127,Male,Single,3.0,Graduate,No,13616,0,24893.0,,1.0,Semiurban,Y
LP000128,Male,Single,3.0,Not Graduate,No,3501,0,7279.0,120.0,0.0,Rural,N
LP000129,Male,Married,0.0,Graduate,No,4839,3225,,360.0,,Semiurban,Y
LP000130,Male,Single,0.0,Not Graduate,No,9690,1260,22321.0,240.0,,Rural,Y
LP000131,Female,Single,2.0,Graduate,Yes,3580,893,6458.0,180.0,1.0,Urban,Y
LP000132,Female,Single,0.0,Not Graduate,Yes,9578,1443,23415.0,240.0,0.0,Rural,N
LP000133,Male,Single,0.0,Graduate,No,1000,1583,6220.0,120.0,0.0,Semiurban,Y
LP000134,Male,Single,0.0,Graduate,Yes,10522,0,21259.0,360.0,1.0,Urban,Y
LP000135,Female,Single,1.0,Not Graduate,No,5013,537,11876.0,120.0,0.0,Rural,N
LP000136,Male,Married,1.0,Graduate,Yes,10229,1398,27743.0,120.0,1.0,Semiurban,Y
LP000137,Female,Single,2.0,Graduate,Yes,6890,911,,120.0,1.0,Semiurban,Y
LP000138,Female,Single,0.0,Graduate,No,2844,0,10016.0,300.0,1.0,Urban,Y
LP000139,Male,Married,2.0,Not Graduate,No,6996,1877,33193.0,360.0,1.0,Rural,Y
LP000140,Male,Single,1.0,Not Graduate,Yes,5289,1443,17193.0,240.0,0.0,Urban,Y
LP000141,Female,Married,2.0,Not Graduate,No,12182,5633,40989.0,240.0,1.0,Semiurban,Y
LP000142,Female,Married,3.0,Not Graduate,Yes,8914,3968,46309.0,240.0,0.0,Urban,Y
LP000143,Female,Married,3.0,Not Graduate,No,3105,4029,23875.0,180.0,,Urban,Y
LP000144,Male,Married,2.0,Not Graduate,Yes,1000,1225,1932.0,180.0,1.0,Semiurban,Y
LP000145,Male,Married,1.0,Not Graduate,No,5191,4076,34305.0,300.0,1.0,Semiurban,Y
LP000146,Female,Single,1.0,Not Graduate,Yes,5185,1802,9753.0,240.0,1.0,Semiurban,Y
LP000147,Male,Single,0.0,Not Graduate,No,1000,455,4084.0,240.0,1.0,Semiurban,Y
LP000148,Male,Married,3.0,Not Graduate,Yes,5901,0,14331.0,240.0,0.0,Rural,N
LP000149,Female,Single,1.0,Graduate,No,2260,1035,9203.0,360.0,0.0,Semiurban,N
LP000150,Male,Married,0.0,Graduate,No,4134,2229,10515.0,240.0,1.0,Rural,Y
LP000151,Female,Single,3.0,Not Graduate,No,4843,1264,10451.0,300.0,1.0,Rural,Y
LP000152,Male,Single,0.0,Not Graduate,No,6260,75,11819.0,120.0,0.0,Rural,N
LP000153,Male,Single,0.0,Graduate,No,6152,0,12655.0,,0.0,Rural,N
LP000154,Male,Married,2.0,Not Graduate,No,2406,5947,21118.0,180.0,1.0,Rural,Y
LP000155,Male,Single,2.0,Graduate,No,4225,671,11800.0,120.0,1.0,Urban,Y
LP000156,Female,Married,1.0,Graduate,Yes,6938,3921,33728.0,,1.0,Urban,Y
LP000157,Male,Single,1.0,Not Graduate,Yes,3673,39,8463.0,180.0,1.0,Rural,Y
LP000158,Male,Single,0.0,Not Graduate,No,1000,0,3593.0,180.0,0.0,Rural,Y
LP000159,Female,Married,1.0,Not Graduate,No,10934,2626,40154.0,180.0,1.0,Rural,Y
LP000160,Female,Single,3.0,Not Graduate,,5778,2963,29681.0,180.0,0.0,Urban,N
LP000161,Male,Single,2.0,Graduate,Yes,6084,0,7391.0,120.0,,Urban,Y
LP000162,Male,Single,0.0,Graduate,No,7161,0,9754.0,120.0,0.0,Semiurban,Y
LP000163,Female,Married,3.0,Graduate,No,5278,1377,25619.0,180.0,1.0,Urban,Y
LP000164,Female,Married,1.0,Graduate,No,11238,2988,52407.0,240.0,1.0,Urban,Y
LP000165,Female,Single,0.0,Graduate,,6751,0,25103.0,120.0,1.0,Urban,Y
LP000166,Female,Married,2.0,Graduate,No,9901,1444,26634.0,360.0,1.0,Semiurban,Y
LP000167,Female,Married,0.0,Not Graduate,Yes,3373,925,13929.0,300.0,1.0,Rural,Y
LP000168,Female,Married,2.0,Graduate,No,15246,902,47642.0,180.0,1.0,Urban,Y
LP000169,Female,Married,0.0,Not Graduate,No,4048,2269,12798.0,360.0,1.0,Semiurban,Y
LP000170,Male,Single,0.0,Not Graduate,Yes,2840,538,6199.0,360.0,0.0,Rural,N
LP000171,Male,Married,2.0,Not Graduate,Yes,6811,2924,,240.0,0.0,Semiurban,N
LP000172,Male,Married,3.0,Graduate,No,4260,2134,19848.0,180.0,1.0,Urban,Y
LP000173,Female,Single,3.0,Not Graduate,No,6252,0,16126.0,360.0,0.0,Urban,Y
LP000174,Male,Single,2.0,Graduate,No,8942,0,,240.0,1.0,Rural,Y
LP000175,Female,Single,1.0,Not Graduate,No,3343,956,8122.0,120.0,0.0,Rural,Y
LP000176,Male,Single,0.0,Not Graduate,Yes,1000,0,2538.0,300.0,1.0,Urban,Y
LP000177,Female,Single,3.0,Not Graduate,Yes,5649,0,17008.0,240.0,1.0,Urban,Y
LP000178,Female,Single,2.0,Graduate,Yes,1100,447,2368.0,240.0,1.0,Rural,Y
LP000179,Male,Married,3.0,Graduate,,5257,3071,15087.0,360.0,1.0,Rural,Y
LP000180,Female,Married,1.0,Not Graduate,No,4846,4509,,120.0,1.0,Urban,Y
LP000181,Female,Single,2.0,Not Graduate,Yes,7089,0,,360.0,1.0,Urban,Y
LP000182,Female,Married,2.0,Not Graduate,No,10324,0,19228.0,,0.0,Semiurban,N
LP000183,Female,Married,0.0,Graduate,Yes,10050,2695,35646.0,240.0,1.0,Rural,Y
LP000184,Male,Single,2.0,Graduate,No,4537,569,12129.0,120.0,0.0,Rural,N
LP000185,Male,Single,,Graduate,Yes,10295,703,30465.0,180.0,1.0,Semiurban,Y
LP000186,Female,Single,1.0,Graduate,Yes,5161,109,11351.0,120.0,1.0,Rural,Y
LP000187,Female,Single,0.0,Graduate,No,7781,163,21701.0,360.0,1.0,Rural,Y
LP000188,Male,Married,1.0,Not Graduate,Yes,12226,4306,37018.0,360.0,,Semiurban,Y
LP000189,Female,Married,2.0,Not Graduate,Yes,9603,2387,10425.0,120.0,1.0,Rural,Y
LP000190,Female,Married,1.0,Graduate,Yes,3868,193,9010.0,300.0,1.0,Rural,Y
LP000191,Male,Married,0.0,Graduate,No,7871,5514,36963.0,180.0,1.0,Semiurban,Y
LP000192,Male,Single,2.0,Not Graduate,No,4452,1163,4105.0,180.0,0.0,Rural,N
LP000193,Female,Married,0.0,Graduate,No,8718,4156,16956.0,240.0,1.0,Urban,Y
LP000194,Male,,2.0,Not Graduate,No,7859,770,,180.0,1.0,Rural,Y
LP000195,Female,Married,3.0,Graduate,No,10267,6406,44108.0,240.0,1.0,Urban,Y
LP000196,Female,Single,1.0,Graduate,No,7306,132,13538.0,300.0,1.0,Urban,Y
LP000197,Female,Single,3.0,Not Graduate,No,7075,0,18092.0,360.0,1.0,Semiurban,Y
LP000198,Male,Married,2.0,Graduate,Yes,5937,3718,26714.0,120.0,1.0,Rural,Y
LP000199,Female,Married,0.0,Not Graduate,Yes,9112,2234,25915.0,,,Semiurban,Y
LP000200,Female,Married,1.0,Not Graduate,No,3063,2333,15118.0,360.0,1.0,Semiurban,Y
LP000201,Female,Married,1.0,Graduate,No,10752,1616,39524.0,120.0,1.0,Semiurban,Y
LP000202,Female,Married,1.0,Not Graduate,Yes,10066,3620,54763.0,360.0,1.0,Rural,Y
LP000203,Female,Single,1.0,Graduate,No,3985,0,4291.0,300.0,1.0,Semiurban,Y
LP000204,Female,Single,3.0,Not Graduate,No,8740,1023,23973.0,360.0,1.0,Rural,Y
LP000205,Female,Single,0.0,Not Graduate,No,5699,0,25398.0,300.0,1.0,Rural,Y
LP000206,Female,Married,3.0,Graduate,Yes,8303,3164,35325.0,360.0,1.0,Rural,Y
LP000207,Male,Single,2.0,Not Graduate,Yes,6202,679,12851.0,240.0,1.0,Semiurban,Y
LP000208,Female,Married,1.0,Graduate,No,9638,5823,55293.0,240.0,1.0,Semiurban,Y
LP000209,Female,Single,2.0,Not Graduate,No,8982,91,15499.0,180.0,,Semiurban,N
LP000210,Male,Single,2.0,Graduate,No,6091,544,22395.0,120.0,1.0,Rural,Y
LP000211,Female,Single,0.0,Not Graduate,No,1000,1723,6463.0,120.0,0.0,Urban,Y
LP000212,Female,Married,2.0,Not Graduate,No,4719,1481,,240.0,1.0,Rural,Y
LP000213,Female,Married,0.0,Graduate,Yes,11010,3109,20727.0,360.0,1.0,Rural,Y
LP000214,Male,Married,0.0,Not Graduate,No,2114,2496,17680.0,240.0,1.0,Urban,Y
LP000215,Male,Single,3.0,Not Graduate,Yes,4351,0,10022.0,120.0,1.0,Rural,Y
LP000216,Male,Married,0.0,Graduate,No,6736,0,16547.0,180.0,0.0,Urban,N
LP000217,Female,Single,1.0,Not Graduate,Yes,4422,1056,21797.0,360.0,1.0,Rural,Y
LP000218,Female,Single,3.0,Not Graduate,Yes,7816,284,13079.0,300.0,1.0,Urban,Y
LP000219,Female,Married,3.0,Not Graduate,Yes,13720,3088,42207.0,360.0,1.0,Semiurban,Y
LP000220,Male,Married,3.0,Not Graduate,No,5927,3297,21994.0,360.0,1.0,Urban,Y
LP000221,Male,Single,2.0,Graduate,Yes,4635,62,11619.0,120.0,1.0,Semiurban,Y
LP000222,Female,Single,0.0,Not Graduate,No,3641,0,9412.0,180.0,1.0,Urban,Y
LP000223,Male,Single,2.0,Graduate,No,5671,1703,2796.0,120.0,,Urban,Y
LP000224,Female,Married,3.0,Not Graduate,No,9274,4869,11898.0,300.0,0.0,Rural,N
LP000225,Male,Married,0.0,Not Graduate,No,4971,2442,10185.0,,0.0,Urban,Y
LP000226,Male,Married,1.0,Not Graduate,No,3666,1334,19509.0,360.0,1.0,Rural,Y
LP000227,Male,Single,0.0,Not Graduate,Yes,7339,1517,27252.0,300.0,1.0,Rural,Y
LP000228,Female,Single,0.0,Not Graduate,No,2177,80,6526.0,360.0,0.0,Rural,Y
LP000229,Female,Single,0.0,Graduate,Yes,2528,1070,8303.0,240.0,1.0,Semiurban,Y
LP000230,Male,Single,2.0,Not Graduate,No,4062,1068,14648.0,240.0,1.0,Rural,N
LP000231,Male,Single,0.0,Graduate,No,5326,1427,11042.0,300.0,1.0,Urban,Y
LP000232,Male,Single,3.0,Not Graduate,No,6539,974,,180.0,,Semiurban,Y
LP000233,Male,Married,0.0,Not Graduate,Yes,6978,1123,,180.0,1.0,Urban,Y
LP000234,Female,Married,1.0,Graduate,No,7078,2215,31031.0,240.0,1.0,Urban,Y
LP000235,Male,Married,2.0,Graduate,No,5053,887,7452.0,300.0,1.0,Rural,Y
LP000236,Male,Single,1.0,Graduate,No,8469,0,33061.0,,1.0,Rural,Y
LP000237,Male,Single,3.0,Graduate,No,1000,1857,,240.0,1.0,Semiurban,Y
LP000238,Female,Married,2.0,Not Graduate,Yes,5709,2182,22247.0,300.0,1.0,Urban,Y
LP000239,Male,Single,0.0,Not Graduate,No,4905,1382,16292.0,300.0,1.0,Semiurban,Y
LP000240,Male,Single,0.0,Not Graduate,No,5375,209,13705.0,360.0,1.0,Urban,Y
LP000241,Female,Married,0.0,Graduate,Yes,9000,434,13409.0,240.0,1.0,Semiurban,Y
LP000242,Male,Married,1.0,Graduate,No,10698,3256,32831.0,180.0,1.0,Rural,Y
LP000243,Male,Single,2.0,Not Graduate,No,5046,778,12045.0,300.0,1.0,Semiurban,Y
LP000244,Female,Single,0.0,Not Graduate,No,3054,656,6371.0,180.0,1.0,Semiurban,Y
LP000245,Male,Married,0.0,Not Graduate,No,7224,446,25489.0,120.0,1.0,Semiurban,Y
LP000246,Male,Single,2.0,Not Graduate,No,6181,704,22625.0,240.0,,Rural,Y
LP000247,Male,Married,3.0,Graduate,Yes,14295,4521,,300.0,1.0,Urban,Y
LP000248,Male,Married,3.0,Graduate,Yes,2809,2062,,360.0,,Urban,Y
LP000249,Female,Single,0.0,Not Graduate,,6294,0,16675.0,360.0,1.0,Rural,Y
LP000250,Male,Single,2.0,Graduate,No,4045,10,5574.0,180.0,1.0,Urban,Y
LP000251,Male,Married,2.0,Not Graduate,No,3230,972,7224.0,240.0,1.0,Semiurban,Y
LP000252,Male,Married,2.0,Graduate,Yes,11909,1575,62106.0,360.0,1.0,Semiurban,Y
LP000253,Male,Married,1.0,Graduate,No,9723,3277,23573.0,240.0,1.0,Semiurban,Y
LP000254,Male,Married,1.0,Graduate,No,10531,2136,32903.0,120.0,1.0,Urban,Y
LP000255,Female,Married,1.0,Not Graduate,Yes,13680,2855,56540.0,180.0,1.0,Rural,Y
LP000256,Male,Single,1.0,Graduate,No,4214,472,18353.0,300.0,1.0,Rural,Y
LP000257,Male,Single,0.0,Graduate,No,4462,1949,19657.0,180.0,0.0,Semiurban,N
LP000258,Female,Single,0.0,Not Graduate,No,3593,1005,15072.0,240.0,1.0,Rural,N
LP000259,Female,Married,3.0,Graduate,No,10225,644,20849.0,180.0,1.0,Urban,Y
LP000260,Female,Married,3.0,Not Graduate,No,5257,2888,24406.0,360.0,1.0,Semiurban,Y
LP000261,Female,Married,1.0,Graduate,Yes,8493,996,,240.0,1.0,Rural,Y
LP000262,Male,Married,0.0,Not Graduate,Yes,7831,3839,39265.0,300.0,1.0,Semiurban,Y
LP000263,Male,Single,,Not Graduate,Yes,7084,867,19431.0,300.0,0.0,Urban,Y
LP000264,Male,Single,1.0,Graduate,No,1101,843,5182.0,120.0,1.0,Urban,Y
LP000265,Female,Single,3.0,Not Graduate,No,5678,0,9284.0,360.0,1.0,Urban,Y
LP000266,Female,Married,3.0,Graduate,Yes,11907,2940,45212.0,120.0,1.0,Semiurban,Y
LP000267,Female,Single,3.0,Not Graduate,No,5070,523,18180.0,300.0,1.0,Semiurban,Y
LP000268,Male,Single,2.0,Graduate,No,4822,576,11498.0,120.0,1.0,Rural,Y
LP000269,Male,Single,3.0,Not Graduate,No,3913,252,11152.0,120.0,1.0,Rural,Y
LP000270,Male,Married,3.0,Graduate,No,5932,4883,19297.0,120.0,1.0,Urban,Y
LP000271,Female,Single,1.0,Not Graduate,Yes,4532,148,17117.0,120.0,1.0,Rural,Y
LP000272,Female,Married,3.0,Not Graduate,No,6589,4547,14605.0,300.0,1.0,Rural,Y
LP000273,Male,Single,0.0,Graduate,Yes,7367,1211,22009.0,120.0,1.0,Rural,Y
LP000274,Female,Single,3.0,Graduate,Yes,9962,86,36448.0,360.0,1.0,Rural,Y
LP000275,Male,Single,2.0,Not Graduate,No,10747,209,23485.0,300.0,1.0,Urban,Y
LP000276,Male,Single,0.0,Not Graduate,No,8633,1763,21641.0,360.0,1.0,Rural,Y
LP000277,Female,Single,3.0,Graduate,No,5134,274,7703.0,120.0,,Semiurban,Y
LP000278,Female,Single,0.0,Not Graduate,Yes,2703,0,5097.0,360.0,1.0,Semiurban,Y
LP000279,Male,Married,1.0,Graduate,No,7664,3351,41200.0,300.0,1.0,Semiurban,Y
LP000280,Female,Married,1.0,Not Graduate,No,3004,4476,17419.0,360.0,0.0,Urban,Y
LP000281,Female,Single,0.0,Graduate,Yes,6339,1039,11818.0,120.0,1.0,Urban,Y
LP000282,Male,Single,2.0,Graduate,No,7742,633,24236.0,360.0,1.0,Semiurban,Y
LP000283,Female,Single,3.0,Graduate,No,7439,2464,19705.0,120.0,1.0,Rural,Y
LP000284,Female,Married,1.0,Not Graduate,Yes,4407,2065,13303.0,180.0,,Urban,Y
LP000285,Male,Single,3.0,Graduate,No,4428,1451,21378.0,240.0,1.0,Rural,Y
LP000286,Male,Married,3.0,Not Graduate,Yes,4287,1751,17372.0,180.0,1.0,Semiurban,Y
LP000287,Female,Married,3.0,Graduate,Yes,5646,3949,25545.0,240.0,0.0,Rural,N
LP000288,Female,Single,3.0,Not Graduate,No,1210,1738,,180.0,1.0,Urban,Y
LP000289,Male,Single,0.0,Not Graduate,Yes,3468,189,9978.0,300.0,1.0,Semiurban,Y
LP000290,Female,Married,0.0,Not Graduate,No,7003,3987,45148.0,300.0,0.0,Urban,N
LP000291,Female,Married,3.0,Graduate,Yes,7109,1802,12444.0,120.0,1.0,Urban,Y
LP000292,Female,Married,3.0,Graduate,Yes,4949,2950,31087.0,180.0,0.0,Rural,N
LP000293,Female,Married,1.0,Graduate,Yes,5781,3335,22670.0,360.0,1.0,Rural,Y
LP000294,Male,Single,2.0,Not Graduate,No,7970,2521,21772.0,300.0,0.0,Rural,N
LP000295,,Single,0.0,Not Graduate,Yes,3776,1335,15565.0,180.0,1.0,Rural,Y
LP000296,Male,Single,3.0,Graduate,No,12501,967,29798.0,240.0,,Urban,Y
LP000297,Male,Single,2.0,Not Graduate,No,6476,1386,24815.0,240.0,1.0,Urban,Y
LP000298,Male,Single,2.0,Graduate,No,8148,1353,32640.0,180.0,0.0,Urban,Y
LP000299,Female,Single,2.0,Graduate,No,10992,1018,28419.0,120.0,1.0,Urban,Y
LP000300,Female,Married,0.0,Graduate,No,8372,4809,24338.0,240.0,1.0,Semiurban,Y
LP000301,Male,Single,1.0,Not Graduate,Yes,5921,185,15405.0,120.0,1.0,Semiurban,Y
LP000302,Male,Married,3.0,Not Graduate,Yes,9835,3286,33289.0,240.0,,Rural,Y
LP000303,Male,Single,0.0,Graduate,Yes,2080,1097,9583.0,300.0,1.0,Urban,Y
LP000304,Female,Married,,Graduate,No,16236,2538,50226.0,,1.0,Urban,Y
LP000305,Male,Married,2.0,Not Graduate,No,6748,5366,29361.0,180.0,1.0,Urban,Y
LP000306,Male,Married,0.0,Graduate,,8888,3911,33908.0,120.0,1.0,Rural,Y
LP000307,Female,Single,1.0,Graduate,Yes,5049,655,19159.0,180.0,1.0,Rural,Y
LP000308,Female,Single,2.0,Graduate,Yes,3163,606,7311.0,120.0,1.0,Urban,Y
LP000309,Female,Married,2.0,Graduate,Yes,12460,715,27046.0,240.0,1.0,Urban,Y
LP000310,Male,Single,3.0,Graduate,Yes,7725,1752,23194.0,,,Urban,Y
LP000311,Male,Single,2.0,Graduate,No,4695,2004,8987.0,300.0,1.0,Rural,Y
LP000312,Female,Married,0.0,Graduate,Yes,1000,3660,9778.0,120.0,,Urban,Y
LP000313,Female,Single,3.0,Not Graduate,No,2446,1066,9464.0,360.0,1.0,Rural,Y
LP000314,Female,Married,2.0,Graduate,Yes,5600,1079,21359.0,180.0,1.0,Semiurban,Y
LP000315,Male,,3.0,Graduate,Yes,8613,420,35927.0,180.0,1.0,Semiurban,Y
LP000316,Male,Single,1.0,Graduate,Yes,3022,0,5882.0,180.0,1.0,Urban,Y
LP000317,Female,Single,1.0,Not Graduate,Yes,4886,694,12873.0,120.0,0.0,Urban,N
LP000318,,Single,3.0,Not Graduate,,5880,0,21491.0,,0.0,Rural,N
LP000319,Female,Single,2.0,Graduate,,6233,1393,21155.0,300.0,1.0,Urban,Y
LP000320,Male,Married,1.0,Graduate,Yes,9581,3854,38399.0,360.0,1.0,Semiurban,Y
LP000321,Male,Married,0.0,Not Graduate,Yes,7928,4993,34333.0,120.0,1.0,Rural,Y
LP000322,Male,Single,0.0,Graduate,,8804,428,,180.0,1.0,Urban,Y
LP000323,Male,Single,2.0,Not Graduate,No,3309,1940,12953.0,360.0,1.0,Urban,Y
LP000324,Female,Single,1.0,Not Graduate,No,1423,602,3959.0,300.0,0.0,Urban,N
LP000325,Male,Married,0.0,Not Graduate,Yes,8521,2021,22592.0,180.0,,Rural,Y
LP000326,Male,Single,0.0,Not Graduate,No,1000,138,638.0,360.0,1.0,Urban,Y
LP000327,Male,Married,2.0,Graduate,Yes,1622,4140,18027.0,180.0,0.0,Rural,N
LP000328,Female,Single,0.0,Graduate,Yes,7882,0,19404.0,240.0,,Rural,Y
LP000329,Male,Married,2.0,Not Graduate,No,5989,1262,26848.0,240.0,0.0,Rural,Y
LP000330,Female,Single,1.0,Graduate,Yes,9351,323,24393.0,180.0,1.0,Rural,Y
LP000331,Male,Married,3.0,Not Graduate,No,6625,0,15252.0,240.0,1.0,Semiurban,Y
LP000332,Male,Single,2.0,Not Graduate,No,3295,0,7496.0,360.0,1.0,Rural,Y
LP000333,Male,Married,2.0,Graduate,Yes,14810,3961,38350.0,180.0,0.0,Semiurban,Y
LP000334,Female,Single,1.0,Graduate,No,8360,1619,32329.0,240.0,1.0,Rural,Y
LP000335,Female,Married,1.0,Graduate,Yes,8032,2029,30772.0,360.0,1.0,Urban,Y
LP000336,Female,Single,0.0,Not Graduate,Yes,5983,1216,21655.0,360.0,0.0,Urban,N
LP000337,Female,Married,,Not Graduate,Yes,9148,2197,40319.0,360.0,0.0,Urban,Y
LP000338,Female,Single,3.0,Graduate,No,7142,2160,18126.0,240.0,1.0,Urban,Y
LP000339,Female,Single,3.0,Graduate,Yes,12141,658,25327.0,300.0,1.0,Urban,Y
LP000340,Female,Single,3.0,Graduate,,4927,243,14679.0,,1.0,Semiurban,Y
LP000341,Male,Married,3.0,Not Graduate,No,7568,2139,24078.0,300.0,1.0,Semiurban,Y
LP000342,Female,Single,2.0,Graduate,Yes,13462,1882,43715.0,120.0,1.0,Urban,Y
LP000343,Female,Married,3.0,Not Graduate,Yes,6114,3180,27796.0,180.0,1.0,Rural,Y
LP000344,Male,Married,3.0,Not Graduate,Yes,2931,2613,6459.0,180.0,1.0,Semiurban,Y
LP000345,Female,Married,2.0,Graduate,Yes,9356,3970,28163.0,240.0,1.0,Urban,Y
LP000346,Male,Married,1.0,Graduate,,13938,1161,20059.0,300.0,1.0,Semiurban,Y
LP000347,,Married,2.0,Graduate,No,8675,4570,50955.0,360.0,1.0,Rural,Y
LP000348,Male,Married,2.0,Graduate,No,6010,4618,26242.0,240.0,1.0,Semiurban,Y
LP000349,Male,Married,3.0,Not Graduate,No,5482,4325,29635.0,,1.0,Rural,Y
LP000350,Female,Married,1.0,Not Graduate,No,1270,5214,23368.0,120.0,1.0,Rural,Y
LP000351,Female,Married,1.0,Not Graduate,Yes,4123,3593,,300.0,1.0,Semiurban,Y
LP000352,Male,Married,2.0,Not Graduate,Yes,6782,2174,17577.0,360.0,0.0,Rural,N
LP000353,Female,Single,0.0,Not Graduate,Yes,4936,1438,18706.0,180.0,1.0,Semiurban,Y
LP000354,Male,Married,0.0,Not Graduate,No,4888,4157,2000.0,240.0,0.0,Semiurban,Y
LP000355,Female,Single,3.0,Graduate,No,10233,0,22615.0,300.0,1.0,Rural,Y
LP000356,Female,Married,0.0,Not Graduate,Yes,2640,1057,12675.0,120.0,1.0,Urban,Y
LP000357,Male,Single,1.0,Graduate,Yes,4979,777,14173.0,120.0,1.0,Rural,Y
LP000358,Male,Single,1.0,Not Graduate,Yes,6192,561,9951.0,360.0,1.0,Urban,Y
LP000359,Female,Single,2.0,Not Graduate,Yes,7490,104,9528.0,360.0,1.0,Rural,Y
LP000360,Female,Married,0.0,Not Graduate,Yes,4715,5251,31693.0,240.0,1.0,Rural,Y
LP000361,Female,Married,0.0,Graduate,Yes,6440,2476,19995.0,,1.0,Urban,Y
LP000362,Male,Single,3.0,Not Graduate,No,10191,805,31272.0,120.0,1.0,Rural,Y
LP000363,Female,Single,2.0,Graduate,No,9848,691,24163.0,360.0,,Semiurban,Y
LP000364,Female,Married,1.0,Graduate,Yes,7034,2892,24519.0,120.0,1.0,Semiurban,Y
LP000365,Male,Married,3.0,Not Graduate,No,8182,3077,,300.0,0.0,Semiurban,Y
LP000366,Female,Married,1.0,Graduate,No,7485,3117,9557.0,180.0,0.0,Urban,N
LP000367,Male,Married,0.0,Not Graduate,Yes,8748,3519,40461.0,240.0,1.0,Rural,Y
LP000368,Female,Single,0.0,Graduate,No,1000,2170,7571.0,300.0,1.0,Semiurban,Y
LP000369,Female,Married,3.0,Graduate,No,12121,1440,40550.0,180.0,1.0,Rural,Y
LP000370,Male,Married,0.0,Not Graduate,No,2839,2064,19765.0,240.0,,Rural,Y
LP000371,Female,Married,1.0,Not Graduate,No,5427,3326,27975.0,180.0,1.0,Rural,Y
LP000372,Male,Single,2.0,Graduate,Yes,8110,620,24373.0,240.0,0.0,Semiurban,Y
LP000373,Female,Single,2.0,Not Graduate,Yes,11008,453,30496.0,180.0,1.0,Rural,Y
LP000374,Female,Single,3.0,Graduate,,9914,1384,38973.0,240.0,1.0,Semiurban,Y
LP000375,Female,Married,1.0,Graduate,No,10291,1285,44066.0,300.0,,Rural,Y
LP000376,Male,Married,1.0,Graduate,,3329,3453,12862.0,180.0,1.0,Urban,Y
LP000377,Male,Single,2.0,Not Graduate,No,4839,763,15445.0,360.0,1.0,Urban,Y
LP000378,Female,Married,3.0,Not Graduate,No,7265,5420,36314.0,180.0,0.0,Semiurban,N
LP000379,Male,Single,0.0,Not Graduate,Yes,4389,1271,19535.0,180.0,0.0,Urban,N
LP000380,Male,Married,2.0,Not Graduate,Yes,2317,3896,19017.0,360.0,1.0,Urban,Y
LP000381,Male,Married,2.0,Not Graduate,No,5107,5063,24204.0,240.0,0.0,Semiurban,Y
LP000382,Male,Single,2.0,Not Graduate,,5313,361,14255.0,360.0,1.0,Rural,N
LP000383,Female,Single,2.0,Graduate,No,2937,0,11088.0,360.0,1.0,Semiurban,Y
LP000384,Female,Single,2.0,Graduate,Yes,3747,0,2912.0,300.0,,Urban,Y
LP000385,Female,Single,1.0,Graduate,No,4423,0,16867.0,120.0,1.0,Semiurban,Y
LP000386,Male,Married,2.0,Graduate,No,11738,1967,58958.0,120.0,1.0,Urban,Y
LP000387,Male,Single,0.0,Not Graduate,Yes,7454,240,3850.0,120.0,0.0,Rural,N
LP000388,Male,Single,0.0,Graduate,No,13945,0,16506.0,180.0,1.0,Semiurban,Y
LP000389,Female,Single,2.0,Not Graduate,No,7556,2451,36099.0,360.0,1.0,Rural,Y
LP000390,Male,Single,1.0,Graduate,No,8332,975,29621.0,300.0,1.0,Urban,Y
LP000391,Male,Married,1.0,Not Graduate,No,8276,3421,30217.0,300.0,0.0,Semiurban,Y
LP000392,Male,Married,3.0,Not Graduate,Yes,5812,1869,17477.0,120.0,1.0,Urban,Y
LP000393,Male,Married,1.0,Not Graduate,Yes,1000,2852,6583.0,180.0,1.0,Rural,Y
LP000394,Female,Single,3.0,Graduate,Yes,2913,643,12849.0,300.0,1.0,Semiurban,N
LP000395,Female,,0.0,Graduate,Yes,11381,644,20542.0,180.0,,Semiurban,Y
LP000396,Male,Single,2.0,Graduate,Yes,9557,0,22175.0,360.0,1.0,Semiurban,Y
LP000397,Female,Single,1.0,Not Graduate,No,6375,0,16474.0,120.0,0.0,Urban,N
LP000398,Female,Married,1.0,Graduate,Yes,2597,2097,12935.0,180.0,1.0,Rural,Y
LP000399,Male,Single,0.0,Not Graduate,No,1017,852,4643.0,300.0,1.0,Rural,N
LP000400,Male,Married,0.0,Graduate,No,9954,3335,,240.0,1.0,Rural,Y
LP000401,Male,Married,0.0,Not Graduate,No,6375,2355,22679.0,360.0,1.0,Semiurban,Y
LP000402,Male,Single,0.0,Graduate,No,8265,539,22295.0,360.0,1.0,Semiurban,Y
LP000403,Male,Single,1.0,Not Graduate,No,3245,0,4471.0,120.0,1.0,Rural,Y
LP000404,Male,Single,2.0,Graduate,Yes,12186,0,23710.0,360.0,1.0,Urban,Y
LP000405,Female,Married,0.0,Graduate,Yes,4998,4342,21146.0,120.0,1.0,Semiurban,Y
LP000406,Female,Single,3.0,Graduate,Yes,10555,0,28743.0,180.0,,Semiurban,Y
LP000407,Female,Single,0.0,Graduate,Yes,3785,2216,9301.0,360.0,0.0,Rural,Y
LP000408,Female,Single,3.0,Not Graduate,,5774,1007,19197.0,120.0,0.0,Urban,Y
LP000409,Female,Single,2.0,Not Graduate,No,4536,396,12502.0,,1.0,Urban,Y
LP000410,Male,Married,0.0,Not Graduate,No,5558,4445,42696.0,300.0,1.0,Urban,Y
LP000411,Female,Married,1.0,Not Graduate,,4327,945,12807.0,360.0,0.0,Semiurban,Y
LP000412,Female,Single,0.0,Graduate,No,14884,0,56727.0,300.0,1.0,Rural,Y
LP000413,Female,Married,,Not Graduate,No,11033,2169,39014.0,180.0,0.0,Rural,N
LP000414,Male,Married,1.0,Not Graduate,No,10885,2431,31121.0,180.0,1.0,Semiurban,Y
LP000415,Female,Single,0.0,Graduate,No,4609,0,9128.0,240.0,0.0,Urban,Y
LP000416,Female,Married,3.0,Not Graduate,No,2328,3051,10134.0,360.0,0.0,Rural,N
LP000417,Male,Single,3.0,Graduate,Yes,7259,0,,360.0,1.0,Rural,Y
LP000418,Male,Single,2.0,Not Graduate,Yes,7083,0,19827.0,180.0,0.0,Semiurban,N
LP000419,Female,Single,3.0,Graduate,Yes,10489,0,40257.0,,1.0,Semiurban,Y
LP000420,Female,,0.0,Graduate,Yes,7861,0,19301.0,240.0,1.0,Rural,Y
LP000421,Female,Married,2.0,Graduate,Yes,9977,3114,38369.0,360.0,0.0,Semiurban,Y
LP000422,,Single,0.0,Not Graduate,Yes,2698,635,4562.0,300.0,1.0,Semiurban,Y
LP000423,Male,Single,0.0,Graduate,No,6138,0,11733.0,300.0,1.0,Rural,Y
LP000424,Male,,1.0,Graduate,No,12620,4636,51549.0,300.0,1.0,Semiurban,Y
LP000425,Female,Single,1.0,Not Graduate,No,2269,246,8728.0,120.0,0.0,Semiurban,N
LP000426,Male,Single,2.0,Not Graduate,Yes,5354,2355,21698.0,,1.0,Rural,Y
LP000427,Female,Married,1.0,Not Graduate,,6576,2536,,120.0,1.0,Rural,Y
LP000428,Female,Single,3.0,Graduate,Yes,6004,1066,23086.0,360.0,1.0,Urban,Y
LP000429,Male,Single,1.0,Not Graduate,No,3035,0,3129.0,180.0,0.0,Rural,N
LP000430,Male,Married,,Not Graduate,Yes,7523,1344,,300.0,0.0,Rural,N
LP000431,Male,Single,1.0,Not Graduate,Yes,5971,2494,21121.0,240.0,,Rural,Y
LP000432,Male,Married,2.0,Graduate,No,11070,3122,34357.0,180.0,0.0,Rural,N
LP000433,Female,Married,1.0,Not Graduate,No,8757,2564,30724.0,180.0,0.0,Urban,Y
LP000434,Male,Married,3.0,Graduate,No,9054,1997,36397.0,120.0,,Urban,Y
LP000435,Female,Married,2.0,Not Graduate,Yes,5475,1866,21503.0,,1.0,Semiurban,Y
LP000436,Female,Single,2.0,Graduate,No,3579,522,10222.0,300.0,1.0,Urban,Y
LP000437,Male,Single,3.0,Graduate,No,10029,879,,180.0,1.0,Rural,Y
LP000438,Female,Single,1.0,Not Graduate,,7044,1612,25502.0,360.0,1.0,Semiurban,Y
LP000439,Male,Married,2.0,Not Graduate,Yes,6031,1032,11639.0,240.0,1.0,Rural,Y
LP000440,Female,Single,3.0,Graduate,No,5508,12,12974.0,180.0,1.0,Urban,Y
LP000441,Male,Married,0.0,Graduate,Yes,8020,3794,28868.0,,1.0,Urban,Y
LP000442,Female,Married,1.0,Graduate,No,9697,3096,11764.0,120.0,1.0,Urban,Y
LP000443,Female,Married,1.0,Not Graduate,No,3181,2783,,240.0,1.0,Semiurban,Y
LP000444,Male,Single,0.0,Graduate,Yes,8449,1724,35351.0,300.0,1.0,Urban,Y
LP000445,Male,Single,2.0,Graduate,No,5806,1692,19636.0,240.0,1.0,Rural,Y
LP000446,Male,Married,1.0,Not Graduate,No,4988,2079,15957.0,180.0,1.0,Rural,Y
LP000447,Male,Married,0.0,Graduate,Yes,6286,3255,25078.0,300.0,1.0,Rural,Y
LP000448,Male,Single,1.0,Not Graduate,Yes,5007,849,20217.0,240.0,0.0,Rural,Y
LP000449,Male,Married,2.0,Graduate,Yes,11503,772,5607.0,180.0,1.0,Rural,Y
LP000450,Female,Married,2.0,Graduate,No,11443,949,28751.0,360.0,1.0,Rural,Y
LP000451,Female,Single,1.0,Graduate,Yes,2697,0,7910.0,120.0,1.0,Urban,Y
LP000452,Female,Single,2.0,Graduate,No,8967,38,3846.0,120.0,0.0,Urban,Y
LP000453,Male,Married,3.0,Not Graduate,No,4361,3587,10466.0,180.0,1.0,Semiurban,Y
LP000454,Female,Single,,Not Graduate,No,5458,487,17617.0,300.0,1.0,Rural,Y
LP000455,Female,Married,1.0,Not Graduate,Yes,6358,1540,27305.0,360.0,0.0,Rural,N
LP000456,Female,Married,0.0,Not Graduate,No,5524,2959,14873.0,180.0,1.0,Urban,Y
LP000457,Female,Married,3.0,Graduate,No,6071,1672,18286.0,120.0,1.0,Rural,Y
LP000458,Male,,3.0,Graduate,Yes,14475,942,18641.0,300.0,0.0,Rural,N
LP000459,Male,Single,2.0,Graduate,Yes,11281,332,22816.0,240.0,1.0,Semiurban,Y
LP000460,Male,Married,2.0,Not Graduate,No,9119,2091,44400.0,240.0,0.0,Urban,N
LP000461,Female,Married,2.0,Not Graduate,Yes,8033,2268,43530.0,240.0,1.0,Semiurban,Y
LP000462,Male,Single,3.0,Graduate,No,4531,1093,15406.0,120.0,0.0,Semiurban,Y
LP000463,Female,Married,1.0,Not Graduate,Yes,9905,5342,38507.0,180.0,1.0,Rural,Y
LP000464,Male,Married,1.0,Not Graduate,Yes,3739,3689,14542.0,180.0,1.0,Semiurban,Y
LP000465,Female,Single,3.0,Graduate,Yes,13043,609,30140.0,240.0,1.0,Urban,Y
LP000466,Male,Married,0.0,Graduate,Yes,8520,979,16364.0,180.0,1.0,Urban,Y
LP000467,Female,Married,2.0,Graduate,Yes,12481,2014,24097.0,240.0,,Semiurban,Y
LP000468,Male,Married,3.0,Graduate,Yes,9892,4778,45112.0,300.0,1.0,Semiurban,Y
LP000469,Female,Single,0.0,Graduate,No,9737,0,,240.0,,Urban,Y
LP000470,Female,Married,0.0,Graduate,No,13655,2515,37180.0,300.0,1.0,Rural,Y
LP000471,Male,Married,3.0,Graduate,Yes,12979,3834,48164.0,240.0,1.0,Semiurban,Y
LP000472,Female,Married,3.0,Not Graduate,No,12495,2034,47106.0,300.0,0.0,Rural,N
LP000473,Female,Married,2.0,Not Graduate,Yes,6171,3402,35638.0,360.0,1.0,Rural,Y
LP000474,Male,Married,0.0,Graduate,Yes,9780,3807,45625.0,240.0,1.0,Rural,Y
LP000475,Female,Single,0.0,Graduate,No,5313,0,8841.0,,1.0,Rural,Y
LP000476,Female,Single,,Graduate,No,1000,2144,5085.0,300.0,1.0,Semiurban,Y
LP000477,Female,Single,2.0,Not Graduate,No,4446,278,12971.0,180.0,0.0,Rural,Y
LP000478,Male,Single,1.0,Graduate,Yes,9151,1188,21024.0,300.0,1.0,Semiurban,Y
LP000479,Male,Married,3.0,Graduate,Yes,7148,3423,24324.0,180.0,,Rural,Y
LP000480,Male,Single,1.0,Not Graduate,Yes,9018,892,30601.0,300.0,1.0,Semiurban,Y
LP000481,Female,Single,0.0,Graduate,No,8654,1438,26691.0,240.0,1.0,Rural,Y
LP000482,Female,Married,0.0,Graduate,Yes,2742,3599,12548.0,360.0,1.0,Rural,Y
LP000483,Male,Married,2.0,Not Graduate,No,4414,3879,28947.0,240.0,1.0,Urban,Y
LP000484,Male,Married,2.0,Not Graduate,No,6063,3463,,120.0,1.0,Urban,Y
LP000485,Female,Married,2.0,Graduate,No,8738,6902,46175.0,300.0,1.0,Urban,Y
LP000486,Female,Married,2.0,Not Graduate,No,1000,4130,,240.0,1.0,Urban,Y
LP000487,Female,Single,0.0,Not Graduate,Yes,8224,1038,22129.0,120.0,1.0,Rural,Y
LP000488,Male,Married,2.0,Not Graduate,No,2327,2686,9121.0,300.0,1.0,Rural,Y
LP000489,Male,Single,0.0,Not Graduate,No,3548,970,17330.0,360.0,1.0,Urban,Y
LP000490,Female,Married,2.0,Graduate,Yes,9339,1206,30113.0,240.0,1.0,Urban,Y
LP000491,Female,Married,1.0,Graduate,Yes,12466,2085,34817.0,300.0,1.0,Urban,Y
LP000492,Male,Single,0.0,Graduate,No,6547,0,19762.0,120.0,1.0,Semiurban,Y
LP000493,Female,Single,1.0,Not Graduate,No,4697,835,9902.0,180.0,0.0,Urban,Y
LP000494,Female,Single,0.0,Not Graduate,No,3906,1077,10971.0,180.0,1.0,Urban,Y
LP000495,Female,Single,0.0,Graduate,Yes,12112,180,32939.0,240.0,,Semiurban,Y
LP000496,Female,Married,2.0,Graduate,No,11437,872,13433.0,240.0,,Semiurban,Y
LP000497,Female,Single,1.0,Not Graduate,No,1185,1510,5547.0,120.0,0.0,Semiurban,N
LP000498,Male,Married,0.0,Not Graduate,Yes,13674,2153,41904.0,300.0,1.0,Semiurban,Y
LP000499,Male,Single,0.0,Graduate,No,11511,2104,56491.0,240.0,1.0,Rural,Y
LP000500,Female,Single,2.0,Not Graduate,Yes,8020,1319,27774.0,240.0,,Urban,Y
LP000501,Female,Single,0.0,Not Graduate,No,6945,59,,120.0,1.0,Rural,Y
LP000502,,Single,0.0,Not Graduate,Yes,4991,363,11443.0,120.0,0.0,Rural,Y
LP000503,Male,Single,2.0,Not Graduate,No,6740,1264,20576.0,240.0,0.0,Semiurban,N
LP000504,Female,Married,1.0,Not Graduate,No,10432,1287,27481.0,300.0,1.0,Urban,Y
LP000505,Female,Married,2.0,Not Graduate,No,3849,200,9854.0,120.0,1.0,Semiurban,Y
LP000506,Female,Single,3.0,Not Graduate,Yes,4695,1710,19244.0,180.0,,Urban,N
LP000507,Female,Married,1.0,Graduate,No,3805,5781,33328.0,360.0,1.0,Semiurban,Y
LP000508,Male,Single,0.0,Graduate,No,8391,318,15087.0,300.0,1.0,Rural,Y
LP000509,Female,Single,1.0,Graduate,No,5290,1370,26691.0,240.0,1.0,Urban,Y
LP000510,Male,Married,0.0,Not Graduate,No,10629,2266,20687.0,240.0,1.0,Rural,Y
LP000511,Female,Married,1.0,Not Graduate,No,6422,347,18672.0,300.0,1.0,Rural,Y
LP000512,Female,Single,1.0,Graduate,No,6020,127,7525.0,120.0,1.0,Semiurban,Y
LP000513,Male,Married,1.0,Not Graduate,No,7540,2200,15234.0,240.0,1.0,Rural,Y
LP000514,Female,Single,0.0,Not Graduate,No,1000,477,5786.0,300.0,1.0,Urban,Y
LP000515,Male,Single,3.0,Not Graduate,Yes,9153,134,,180.0,1.0,Rural,Y
LP000516,Female,Married,2.0,Graduate,No,9628,1502,30512.0,180.0,1.0,Rural,Y
LP000517,Female,Single,2.0,Not Graduate,Yes,6915,1481,20317.0,360.0,1.0,Semiurban,Y
LP000518,Female,Single,2.0,Not Graduate,Yes,4490,0,8254.0,120.0,1.0,Urban,N
LP000519,Male,Married,0.0,Not Graduate,No,5320,3551,28661.0,180.0,1.0,Rural,Y
LP000520,Male,Married,0.0,Not Graduate,Yes,3590,5239,20157.0,120.0,1.0,Semiurban,Y
LP000521,Female,Married,2.0,Graduate,Yes,7716,1879,5379.0,360.0,1.0,Semiurban,Y
LP000522,Female,Married,1.0,Not Graduate,No,8652,4105,29021.0,360.0,1.0,Rural,Y
LP000523,Female,Married,0.0,Graduate,No,8061,3773,14792.0,360.0,1.0,Urban,Y
LP000524,Female,Single,1.0,Graduate,Yes,4780,1135,8852.0,120.0,,Semiurban,Y
LP000525,Male,Married,0.0,Graduate,No,8944,965,28469.0,,1.0,Semiurban,Y
LP000526,Female,Married,0.0,Graduate,,7660,577,28267.0,300.0,1.0,Urban,Y
LP000527,Female,Married,2.0,Graduate,Yes,4935,1784,17875.0,120.0,1.0,Rural,Y
LP000528,Male,Married,3.0,Graduate,No,12279,1476,,300.0,1.0,Semiurban,Y
LP000529,Female,Married,0.0,Not Graduate,,7286,4039,29911.0,180.0,1.0,Urban,Y
LP000530,Female,Single,3.0,Graduate,Yes,5307,0,13633.0,300.0,1.0,Rural,Y
LP000531,Male,Married,1.0,Not Graduate,No,2783,0,7929.0,120.0,1.0,Semiurban,Y
LP000532,Female,Married,0.0,Not Graduate,Yes,8711,0,14740.0,120.0,1.0,Rural,Y
LP000533,Female,Married,3.0,Graduate,No,10214,6086,41021.0,120.0,1.0,Semiurban,Y
LP000534,Male,Married,1.0,Graduate,Yes,4960,2725,27665.0,,1.0,Urban,Y
LP000535,Female,Single,2.0,Graduate,No,4400,0,9300.0,180.0,1.0,Urban,Y
LP000536,Male,Single,0.0,Not Graduate,Yes,2616,598,,120.0,1.0,Semiurban,N
LP000537,Male,Single,0.0,Graduate,No,7550,298,,360.0,0.0,Rural,Y
LP000538,Male,Single,1.0,Graduate,Yes,1419,1206,6399.0,,1.0,Urban,Y
LP000539,Female,Married,2.0,Not Graduate,No,5458,7789,36283.0,360.0,1.0,Urban,Y
LP000540,Female,Married,3.0,Not Graduate,No,3744,2360,20868.0,300.0,0.0,Semiurban,N
LP000541,Female,Single,2.0,Graduate,Yes,6868,0,22220.0,240.0,1.0,Rural,Y
LP000542,Female,Single,3.0,Graduate,Yes,4328,1998,21280.0,120.0,1.0,Rural,Y
LP000543,Female,Married,2.0,Graduate,Yes,6055,4921,,120.0,1.0,Rural,Y
LP000544,Male,Married,0.0,Not Graduate,No,8558,3727,22394.0,180.0,1.0,Semiurban,Y
LP000545,Male,Married,2.0,Not Graduate,Yes,4069,4544,19225.0,300.0,1.0,Urban,Y
LP000546,Female,Single,1.0,Not Graduate,Yes,3990,0,11327.0,300.0,1.0,Urban,Y
LP000547,,Married,0.0,Not Graduate,No,12187,1398,34225.0,240.0,1.0,Urban,Y
LP000548,Male,Married,3.0,Graduate,No,13307,2880,46325.0,300.0,,Rural,Y
LP000549,Female,Married,1.0,Graduate,No,3656,3642,17152.0,240.0,,Rural,Y
LP000550,Male,Single,2.0,Not Graduate,Yes,7464,1449,40747.0,180.0,1.0,Semiurban,Y
LP000551,Male,Single,2.0,Graduate,No,8383,760,24279.0,,,Rural,Y
LP000552,Male,Single,1.0,Not Graduate,No,4117,770,11062.0,300.0,1.0,Rural,N
LP000553,Male,Married,0.0,Not Graduate,No,6505,4976,19457.0,120.0,1.0,Rural,Y
LP000554,Female,Single,2.0,Not Graduate,Yes,7849,1553,22616.0,120.0,1.0,Rural,Y
LP000555,Female,Married,2.0,Not Graduate,Yes,1000,2088,10924.0,240.0,1.0,Urban,Y
LP000556,Female,Married,0.0,Graduate,Yes,7710,1501,19307.0,180.0,0.0,Urban,N
LP000557,Female,Married,2.0,Graduate,No,11078,3820,34397.0,240.0,,Semiurban,Y
LP000558,Male,Married,2.0,Not Graduate,Yes,4899,2412,12882.0,360.0,1.0,Rural,Y
LP000559,Female,Married,0.0,Not Graduate,,10846,2516,46415.0,,1.0,Semiurban,Y
LP000560,Male,Married,3.0,Not Graduate,No,10563,4497,32449.0,360.0,1.0,Rural,Y
LP000561,Female,Married,2.0,Not Graduate,Yes,7211,2963,18079.0,180.0,1.0,Semiurban,Y
LP000562,Male,Married,1.0,Not Graduate,No,6973,1231,28304.0,240.0,,Urban,Y
LP000563,Female,Single,2.0,Graduate,No,4989,660,15402.0,360.0,1.0,Semiurban,Y
LP000564,Male,Single,1.0,Graduate,No,5658,969,14049.0,240.0,1.0,Urban,Y
LP000565,Male,Single,1.0,Graduate,No,9331,0,24270.0,120.0,0.0,Semiurban,Y
LP000566,Male,Married,1.0,Graduate,Yes,15361,1499,33008.0,120.0,1.0,Rural,Y
LP000567,Female,Married,1.0,Not Graduate,Yes,7541,3269,,300.0,1.0,Rural,Y
LP000568,Female,Married,0.0,Not Graduate,No,7467,3952,38684.0,240.0,1.0,Rural,Y
LP000569,Female,Married,1.0,Graduate,Yes,9398,2638,36566.0,180.0,1.0,Rural,Y
LP000570,Male,Married,1.0,Graduate,No,15209,2801,30983.0,360.0,1.0,Semiurban,Y
LP000571,Female,Single,1.0,Not Graduate,No,7767,403,6224.0,240.0,1.0,Urban,Y
LP000572,Female,Married,2.0,Not Graduate,Yes,8542,2197,26069.0,180.0,1.0,Urban,Y
LP000573,Female,Single,2.0,Not Graduate,Yes,5829,652,19880.0,240.0,1.0,Urban,Y
LP000574,Female,Single,3.0,Graduate,Yes,5084,910,13740.0,240.0,1.0,Urban,Y
LP000575,Male,Single,0.0,Not Graduate,Yes,6847,992,13731.0,,1.0,Semiurban,Y
LP000576,Female,Single,1.0,Not Graduate,No,7714,71,24495.0,300.0,0.0,Rural,N
LP000577,Male,Single,3.0,Graduate,Yes,7693,1970,22430.0,180.0,1.0,Rural,Y
LP000578,Female,Single,2.0,Not Graduate,Yes,4126,484,10406.0,,1.0,Rural,Y
LP000579,Female,Married,2.0,Not Graduate,Yes,8399,575,,360.0,1.0,Rural,Y
LP000580,Female,Married,3.0,Graduate,No,3635,4425,31180.0,300.0,1.0,Urban,Y
LP000581,Male,Married,1.0,Graduate,Yes,7392,2746,25913.0,240.0,1.0,Rural,Y
LP000582,Female,Single,1.0,Graduate,,10276,0,27649.0,180.0,1.0,Semiurban,Y
LP000583,Female,Single,0.0,Not Graduate,Yes,7437,900,22106.0,180.0,,Semiurban,Y
LP000584,Female,Married,0.0,Graduate,No,11704,0,35607.0,300.0,1.0,Urban,Y
LP000585,Male,Married,2.0,Graduate,Yes,5249,254,16008.0,360.0,1.0,Rural,Y
LP000586,Male,Married,0.0,Not Graduate,Yes,10120,2793,42126.0,180.0,1.0,Rural,Y
LP000587,Male,Single,2.0,Graduate,Yes,11739,1551,50661.0,120.0,1.0,Semiurban,Y
LP000588,Female,Married,2.0,Not Graduate,Yes,8226,3113,13815.0,360.0,1.0,Semiurban,Y
LP000589,Female,Married,1.0,Graduate,Yes,6840,1735,36330.0,300.0,1.0,Rural,Y
LP000590,Male,Single,2.0,Not Graduate,No,4560,598,15170.0,120.0,1.0,Rural,Y
LP000591,Male,Single,3.0,Not Graduate,Yes,5109,1856,,300.0,1.0,Semiurban,Y
LP000592,Male,Married,0.0,Not Graduate,Yes,6583,1886,12229.0,180.0,1.0,Semiurban,Y
LP000593,Female,Single,1.0,Graduate,Yes,4511,470,,120.0,1.0,Urban,Y
LP000594,Female,Married,0.0,Not Graduate,No,3922,890,11710.0,240.0,0.0,Rural,N
LP000595,Male,Married,2.0,Not Graduate,No,1485,4140,14433.0,240.0,0.0,Rural,Y
LP000596,Male,Single,2.0,Not Graduate,No,1356,252,3052.0,,0.0,Semiurban,N
LP000597,Female,Married,1.0,Not Graduate,No,6957,5010,11965.0,360.0,0.0,Semiurban,N
LP000598,Female,Single,1.0,Not Graduate,Yes,5287,371,17183.0,300.0,1.0,Semiurban,Y
LP000599,Female,Married,2.0,Not Graduate,Yes,6639,1872,19105.0,240.0,0.0,Semiurban,Y
LP000600,Female,Married,2.0,Graduate,Yes,4695,4614,23431.0,120.0,1.0,Urban,Y
LP000601,Female,Married,3.0,Graduate,Yes,15214,2909,35036.0,120.0,0.0,Rural,N
LP000602,Female,Single,1.0,Graduate,Yes,1580,0,1947.0,180.0,1.0,Semiurban,Y
LP000603,Male,Married,2.0,Graduate,Yes,8841,3763,15566.0,120.0,1.0,Urban,Y
LP000604,Female,Married,2.0,Graduate,No,11290,2275,35505.0,180.0,1.0,Semiurban,Y
LP000605,Female,Married,2.0,Graduate,Yes,14087,4345,42120.0,120.0,1.0,Rural,Y
LP000606,Male,Married,2.0,Not Graduate,No,3326,0,6401.0,180.0,0.0,Semiurban,N
LP000607,Male,Married,2.0,Not Graduate,No,5366,1519,16489.0,360.0,1.0,Semiurban,Y
LP000608,Male,Married,3.0,Graduate,,8099,2662,21306.0,240.0,1.0,Rural,Y
LP000609,Female,Single,2.0,Not Graduate,Yes,5421,853,10212.0,300.0,1.0,Semiurban,Y
LP000610,Male,Single,0.0,Not Graduate,No,8527,421,22504.0,240.0,1.0,Urban,Y
LP000611,Female,Single,3.0,Graduate,No,8801,686,30951.0,120.0,,Urban,Y
LP000612,Male,Single,3.0,Not Graduate,Yes,5717,10,15973.0,120.0,0.0,Rural,N
LP000613,Male,Single,0.0,Not Graduate,Yes,2140,586,6742.0,120.0,1.0,Semiurban,Y
LP000614,Male,Married,1.0,Not Graduate,No,5375,2807,8137.0,360.0,,Rural,Y
LP000615,Female,Single,1.0,Graduate,Yes,4716,574,13901.0,300.0,0.0,Urban,N
LP000616,Female,Single,0.0,Not Graduate,Yes,2430,1512,7123.0,120.0,0.0,Urban,N
LP000617,Female,Single,3.0,Graduate,Yes,9650,841,20803.0,180.0,1.0,Rural,Y
LP000618,Male,Married,1.0,Not Graduate,No,11325,1209,40551.0,240.0,1.0,Semiurban,Y
LP000619,Female,Single,2.0,Not Graduate,No,7501,0,27108.0,360.0,1.0,Rural,N
LP000620,Female,Married,2.0,Graduate,No,6824,3433,27778.0,300.0,,Urban,N
LP000621,Female,Married,2.0,Graduate,Yes,7276,4216,36025.0,240.0,1.0,Semiurban,Y
LP000622,Female,Single,3.0,Not Graduate,Yes,1000,1543,2975.0,180.0,1.0,Urban,Y
LP000623,Female,Single,1.0,Not Graduate,,7581,1401,14615.0,180.0,1.0,Rural,Y
LP000624,Female,Single,1.0,Graduate,Yes,5164,0,12022.0,240.0,0.0,Rural,N
LP000625,Female,Married,3.0,Not Graduate,No,5075,4169,32799.0,240.0,1.0,Urban,Y
LP000626,Male,Single,1.0,Not Graduate,No,8489,50,19918.0,300.0,1.0,Urban,Y
LP000627,Female,Single,,Not Graduate,Yes,1000,0,3271.0,180.0,0.0,Rural,N
LP000628,Female,Single,0.0,Graduate,Yes,11750,0,23805.0,240.0,1.0,Rural,Y
LP000629,Male,Single,0.0,Not Graduate,Yes,4933,724,,240.0,1.0,Semiurban,Y
LP000630,Female,Single,2.0,Not Graduate,No,6060,120,15378.0,180.0,1.0,Rural,Y
LP000631,Female,Married,3.0,Graduate,Yes,9930,3009,27830.0,120.0,1.0,Rural,Y
LP000632,Female,Married,1.0,Graduate,No,7372,2867,22566.0,120.0,1.0,Semiurban,Y
LP000633,Female,Married,0.0,Graduate,Yes,6790,5397,35936.0,240.0,1.0,Urban,Y
LP000634,Male,Single,1.0,Graduate,,5539,1057,14728.0,360.0,0.0,Rural,N
LP000635,Male,Single,3.0,Not Graduate,Yes,7932,795,21068.0,240.0,1.0,Urban,Y
LP000636,Female,Married,2.0,Graduate,Yes,9546,643,16287.0,180.0,,Semiurban,Y
LP000637,Male,Single,3.0,Not Graduate,No,2015,614,10216.0,180.0,1.0,Semiurban,Y
LP000638,Female,Single,2.0,Graduate,Yes,13751,1010,42816.0,300.0,1.0,Semiurban,Y
LP000639,Female,Single,2.0,Not Graduate,Yes,1000,65,1991.0,120.0,1.0,Semiurban,Y
LP000640,Male,Married,2.0,Graduate,No,5378,2747,17243.0,300.0,1.0,Urban,Y
LP000641,Male,Single,0.0,Graduate,No,1000,1098,3444.0,120.0,1.0,Semiurban,Y
LP000642,Male,Married,0.0,Graduate,Yes,8733,6111,26192.0,300.0,1.0,Rural,Y
LP000643,Male,Married,,Graduate,Yes,1000,2570,,180.0,1.0,Semiurban,Y
LP000644,Male,Single,2.0,Not Graduate,,9895,0,28669.0,120.0,1.0,Urban,Y
LP000645,Male,Single,3.0,Not Graduate,Yes,3836,415,19620.0,120.0,0.0,Semiurban,Y
LP000646,Male,Single,,Not Graduate,Yes,1242,702,5587.0,240.0,1.0,Rural,Y
LP000647,Male,Married,3.0,Not Graduate,Yes,9257,3146,34064.0,360.0,1.0,Rural,Y
LP000648,Female,Married,3.0,Graduate,Yes,6272,3403,,360.0,1.0,Semiurban,Y
LP000649,Female,Single,0.0,Not Graduate,No,6553,204,18930.0,240.0,1.0,Rural,Y
LP000650,Male,Married,0.0,Not Graduate,No,5912,4689,26066.0,360.0,1.0,Semiurban,Y
LP000651,Female,Single,0.0,Graduate,No,1000,1509,4454.0,300.0,0.0,Semiurban,Y
LP000652,Female,Single,1.0,Graduate,Yes,4375,23,15830.0,,1.0,Semiurban,Y
LP000653,Male,Single,3.0,Graduate,No,1000,3010,13412.0,180.0,1.0,Urban,Y
LP000654,Male,Single,3.0,Graduate,No,7225,456,,240.0,1.0,Semiurban,Y
LP000655,Male,Married,2.0,Graduate,No,9832,3967,40630.0,360.0,1.0,Urban,Y
LP000656,Female,Married,,Graduate,Yes,8149,2703,25816.0,180.0,1.0,Urban,Y
LP000657,Male,Married,1.0,Graduate,Yes,7039,4700,34921.0,360.0,0.0,Urban,Y
LP000658,Male,Married,0.0,Graduate,No,1000,3983,13233.0,300.0,1.0,Urban,Y
LP000659,Male,Single,2.0,Not Graduate,No,4953,189,17479.0,360.0,0.0,Rural,N
LP000660,Female,Married,0.0,Graduate,No,11495,1840,37679.0,360.0,1.0,Urban,Y
LP000661,Male,Single,1.0,Not Graduate,Yes,2570,0,5136.0,300.0,1.0,Urban,Y
LP000662,Female,Married,0.0,Not Graduate,Yes,8587,4429,37882.0,360.0,1.0,Urban,Y
LP000663,Female,Single,3.0,Graduate,Yes,8856,912,19407.0,180.0,,Rural,Y
LP000664,Male,Married,0.0,Graduate,No,9484,4200,42467.0,300.0,0.0,Rural,N
LP000665,Female,Single,3.0,Graduate,Yes,10363,1066,31785.0,180.0,1.0,Rural,Y
LP000666,Female,Married,3.0,Graduate,No,11973,2960,26797.0,360.0,1.0,Urban,Y
LP000667,Female,Single,1.0,Graduate,Yes,5970,0,11700.0,360.0,1.0,Semiurban,Y
LP000668,Female,Single,3.0,Graduate,Yes,6030,0,13589.0,360.0,0.0,Urban,Y
LP000669,Male,Single,0.0,Graduate,Yes,1000,670,4176.0,240.0,1.0,Semiurban,Y
LP000670,Female,Married,0.0,Not Graduate,Yes,3548,3988,24492.0,360.0,1.0,Semiurban,Y
LP000671,Female,Married,0.0,Not Graduate,No,1177,1855,,360.0,0.0,Urban,Y
LP000672,Female,Married,3.0,Not Graduate,Yes,3180,4244,17408.0,240.0,0.0,Rural,Y
LP000673,Female,Married,2.0,Graduate,Yes,6768,0,20360.0,300.0,1.0,Urban,Y
LP000674,Female,Single,3.0,Graduate,No,2472,547,8217.0,,0.0,Rural,Y
LP000675,Male,Married,0.0,Not Graduate,No,10081,1036,938.0,180.0,1.0,Semiurban,Y
LP000676,Female,Married,1.0,Not Graduate,No,6551,5700,42770.0,300.0,1.0,Rural,Y
LP000677,Male,Single,0.0,Graduate,No,7181,106,22922.0,300.0,1.0,Rural,Y
LP000678,Male,Single,3.0,Graduate,Yes,3335,881,12244.0,300.0,1.0,Rural,Y
LP000679,Male,Married,2.0,Not Graduate,Yes,9180,7139,45920.0,360.0,1.0,Rural,Y
LP000680,Female,Married,3.0,Not Graduate,Yes,4473,2961,8063.0,240.0,1.0,Semiurban,Y
LP000681,Male,Married,3.0,Not Graduate,Yes,3915,2386,13110.0,120.0,1.0,Semiurban,Y
LP000682,Male,Married,2.0,Graduate,No,8394,1766,,360.0,1.0,Semiurban,Y
LP000683,Male,Single,2.0,Graduate,Yes,6500,492,,300.0,1.0,Urban,Y
LP000684,Female,Married,0.0,Not Graduate,Yes,6465,4237,19330.0,180.0,,Semiurban,Y
LP000685,Female,Single,0.0,Graduate,No,4361,257,6572.0,120.0,1.0,Rural,Y
LP000686,Male,Single,2.0,Not Graduate,,2951,119,9822.0,360.0,1.0,Semiurban,Y
LP000687,Female,Married,2.0,Graduate,Yes,8823,3290,38528.0,180.0,1.0,Rural,Y
LP000688,Male,Married,0.0,Not Graduate,No,5587,3585,22172.0,300.0,0.0,Semiurban,Y
LP000689,Female,Married,2.0,Graduate,Yes,8834,2125,6015.0,360.0,1.0,Urban,Y
LP000690,Female,Single,,Not Graduate,No,4664,1638,20424.0,300.0,1.0,Rural,Y
LP000691,Female,Single,2.0,Graduate,No,9637,1488,28601.0,180.0,1.0,Urban,Y
LP000692,Female,Married,1.0,Not Graduate,No,6591,2073,19469.0,240.0,0.0,Rural,N
LP000693,,Married,1.0,Graduate,Yes,10201,4805,,180.0,1.0,Semiurban,Y
LP000694,Female,Single,2.0,Graduate,Yes,5036,500,16502.0,300.0,1.0,Rural,Y
LP000695,Female,Married,2.0,Not Graduate,Yes,1668,0,3435.0,300.0,1.0,Urban,Y
LP000696,Female,Married,3.0,Not Graduate,Yes,2337,2237,10894.0,360.0,0.0,Rural,N
LP000697,Female,Single,3.0,Not Graduate,Yes,3866,1661,15262.0,300.0,0.0,Semiurban,Y
LP000698,Male,Single,0.0,Graduate,Yes,7476,997,13463.0,120.0,1.0,Rural,Y
LP000699,Female,Single,0.0,Not Graduate,Yes,7597,439,24400.0,300.0,,Rural,Y
LP000700,Female,Married,0.0,Graduate,No,3619,669,13525.0,,0.0,Semiurban,Y
LP000701,Female,Married,2.0,Not Graduate,Yes,7129,1646,15832.0,240.0,1.0,Semiurban,Y
LP000702,Female,Single,2.0,Not Graduate,Yes,7813,0,29799.0,180.0,0.0,Semiurban,N
LP000703,Female,Single,2.0,Graduate,,3572,1010,10250.0,240.0,1.0,Rural,Y
LP000704,Male,Married,2.0,Not Graduate,No,7809,2183,23678.0,360.0,0.0,Rural,N
LP000705,Male,Married,3.0,Not Graduate,,6122,1496,23559.0,180.0,1.0,Rural,Y
LP000706,Male,Married,1.0,Not Graduate,No,4460,2657,12131.0,300.0,1.0,Semiurban,Y
LP000707,Female,Single,3.0,Graduate,,1000,347,5967.0,360.0,1.0,Semiurban,N
LP000708,Female,Married,2.0,Not Graduate,Yes,8353,2971,25928.0,240.0,,Rural,Y
LP000709,Male,Single,3.0,Graduate,No,6573,937,,300.0,1.0,Semiurban,Y
LP000710,Female,Married,2.0,Graduate,No,12145,4073,49863.0,180.0,1.0,Urban,Y
LP000711,Male,Single,1.0,Graduate,,7925,515,25643.0,120.0,1.0,Semiurban,Y
LP000712,Female,Married,1.0,Graduate,Yes,10108,2468,25669.0,,,Rural,Y
LP000713,Female,,2.0,Not Graduate,Yes,5254,1739,10550.0,300.0,1.0,Urban,Y
LP000714,Female,Single,3.0,Not Graduate,No,1331,631,4984.0,180.0,1.0,Urban,Y
LP000715,Male,Married,3.0,Not Graduate,Yes,6520,3365,22947.0,360.0,,Urban,Y
LP000716,Female,Single,1.0,Not Graduate,No,8724,0,16027.0,180.0,1.0,Urban,Y
LP000717,Male,Married,1.0,Graduate,Yes,7397,535,18714.0,120.0,,Urban,Y
LP000718,Female,Married,0.0,Graduate,No,14279,3031,46469.0,240.0,1.0,Urban,Y
LP000719,Male,Single,0.0,Not Graduate,Yes,1849,6,4080.0,360.0,1.0,Urban,Y
LP000720,Male,Married,1.0,Graduate,No,6560,4922,33827.0,360.0,1.0,Rural,Y
LP000721,Female,Single,1.0,Graduate,Yes,2887,697,10388.0,360.0,0.0,Urban,Y
LP000722,Male,Single,1.0,Graduate,Yes,10205,1764,20202.0,180.0,0.0,Rural,Y
LP000723,Male,Single,0.0,Graduate,No,3864,0,8936.0,240.0,1.0,Rural,Y
LP000724,Male,Single,0.0,Not Graduate,Yes,6165,1289,18182.0,300.0,1.0,Semiurban,Y
LP000725,Male,Married,2.0,Not Graduate,Yes,5040,3227,15144.0,240.0,1.0,Rural,Y
LP000726,Female,Married,,Not Graduate,No,12268,588,,180.0,0.0,Semiurban,N
LP000727,Female,Married,0.0,Not Graduate,Yes,12070,3010,35407.0,240.0,1.0,Rural,Y
LP000728,Male,Married,3.0,Not Graduate,Yes,4927,2729,27548.0,180.0,1.0,Urban,Y
LP000729,Female,Married,1.0,Not Graduate,No,1000,5300,8573.0,120.0,0.0,Rural,N
LP000730,Female,Single,3.0,Not Graduate,No,4333,156,13336.0,300.0,1.0,Semiurban,Y
LP000731,Female,Single,3.0,Graduate,Yes,1306,869,8959.0,360.0,1.0,Urban,Y
LP000732,Female,Married,1.0,Not Graduate,No,1910,3284,10234.0,180.0,1.0,Rural,Y
LP000733,Male,Single,3.0,Graduate,No,7884,515,16687.0,240.0,1.0,Semiurban,Y
LP000734,Male,Married,3.0,Graduate,,9702,5706,36166.0,240.0,1.0,Semiurban,Y
LP000735,Male,Married,1.0,Not Graduate,,8159,1060,15993.0,240.0,1.0,Semiurban,Y
LP000736,Female,Married,3.0,Not Graduate,No,7417,5226,35204.0,300.0,0.0,Rural,Y
LP000737,Female,Single,,Not Graduate,No,4217,499,7072.0,120.0,1.0,Rural,Y
LP000738,Female,Single,0.0,Not Graduate,No,6511,1205,16499.0,360.0,,Semiurban,Y
LP000739,,Married,1.0,Graduate,No,5966,3398,20138.0,300.0,1.0,Rural,Y
LP000740,Female,Married,2.0,Graduate,Yes,7542,6149,31521.0,300.0,1.0,Semiurban,Y
LP000741,Female,Single,2.0,Graduate,No,5335,0,16513.0,300.0,1.0,Semiurban,Y
LP000742,Female,Single,0.0,Not Graduate,Yes,4546,0,16170.0,180.0,1.0,Rural,N
LP000743,Female,Married,2.0,Not Graduate,No,10258,2099,12440.0,180.0,1.0,Urban,Y
LP000744,Male,Single,2.0,Graduate,No,9774,0,30617.0,300.0,1.0,Urban,Y
LP000745,Male,Married,2.0,Not Graduate,Yes,1000,4338,,300.0,0.0,Semiurban,N
LP000746,Female,Married,2.0,Not Graduate,No,8192,3021,19475.0,300.0,1.0,Semiurban,Y
LP000747,Female,Married,0.0,Graduate,No,6212,4029,26470.0,180.0,1.0,Rural,Y
LP000748,Female,Single,0.0,Graduate,No,8399,2081,13085.0,240.0,1.0,Urban,Y
LP000749,Female,Single,3.0,Not Graduate,Yes,9043,583,17143.0,180.0,0.0,Semiurban,N
LP000750,Male,Single,1.0,Not Graduate,Yes,1674,348,6545.0,360.0,1.0,Urban,Y
LP000751,Female,Single,3.0,Not Graduate,No,4681,1708,8555.0,360.0,,Semiurban,Y
LP000752,Female,Single,1.0,Graduate,No,6460,0,,360.0,1.0,Urban,Y
LP000753,Female,Married,3.0,Not Graduate,Yes,8660,2368,4594.0,240.0,0.0,Rural,N
LP000754,Male,Married,0.0,Not Graduate,No,6596,3655,28943.0,360.0,1.0,Urban,Y
LP000755,Female,,3.0,Graduate,No,10516,0,,180.0,,Urban,Y
LP000756,Female,Single,3.0,Not Graduate,Yes,7981,0,,240.0,1.0,Rural,Y
LP000757,Female,Single,3.0,Graduate,No,4861,434,14710.0,180.0,1.0,Rural,Y
LP000758,Female,Married,0.0,Graduate,Yes,5899,1986,,120.0,1.0,Semiurban,Y
LP000759,Female,,1.0,Not Graduate,No,2738,1371,12505.0,360.0,0.0,Semiurban,N
LP000760,Female,Single,0.0,Graduate,No,2766,1033,10903.0,180.0,0.0,Urban,N
LP000761,Female,Single,0.0,Not Graduate,Yes,1000,0,3455.0,240.0,1.0,Semiurban,N
LP000762,Female,Single,0.0,Graduate,No,3311,128,9868.0,300.0,1.0,Semiurban,Y
LP000763,Female,Single,0.0,Graduate,Yes,9046,298,18893.0,240.0,1.0,Urban,Y
LP000764,Male,Single,2.0,Graduate,Yes,11122,1891,42722.0,180.0,1.0,Rural,Y
LP000765,,Single,2.0,Not Graduate,No,5213,0,9569.0,,1.0,Rural,Y
LP000766,Female,Single,1.0,Graduate,No,8198,834,32707.0,120.0,1.0,Semiurban,Y
LP000767,Male,Married,0.0,Graduate,Yes,10336,745,37027.0,240.0,1.0,Rural,Y
LP000768,Male,Single,3.0,Not Graduate,Yes,2504,192,7279.0,360.0,0.0,Urban,N
LP000769,Male,Married,3.0,Not Graduate,No,11987,7664,58665.0,360.0,1.0,Urban,Y
LP000770,Female,Single,3.0,Not Graduate,Yes,4542,927,17556.0,240.0,0.0,Rural,Y
LP000771,Female,Married,,Graduate,No,6549,5692,32855.0,180.0,1.0,Semiurban,Y
LP000772,,Married,2.0,Not Graduate,Yes,7493,3998,32603.0,360.0,1.0,Semiurban,Y
LP000773,Female,Married,3.0,Not Graduate,No,8516,2074,21745.0,,,Urban,Y
LP000774,Male,Single,2.0,Graduate,Yes,2924,851,11789.0,120.0,1.0,Semiurban,Y
LP000775,Female,Single,1.0,Graduate,Yes,7987,1839,24521.0,120.0,1.0,Semiurban,Y
LP000776,Female,Married,0.0,Not Graduate,No,8006,1362,20518.0,180.0,1.0,Semiurban,Y
LP000777,Male,Single,2.0,Not Graduate,No,6738,1179,17930.0,120.0,0.0,Semiurban,N
LP000778,Female,Single,3.0,Graduate,No,6267,0,13877.0,240.0,1.0,Urban,Y
LP000779,Female,Married,1.0,Graduate,Yes,11272,3862,43896.0,180.0,1.0,Semiurban,Y
LP000780,Female,Single,0.0,Not Graduate,Yes,5124,505,11098.0,240.0,,Rural,Y
LP000781,Female,Single,0.0,Graduate,Yes,8771,836,27798.0,120.0,1.0,Semiurban,Y
LP000782,Male,Single,1.0,Graduate,Yes,4790,0,16179.0,240.0,0.0,Urban,N
LP000783,Male,Single,0.0,Not Graduate,Yes,3802,0,11614.0,240.0,1.0,Urban,Y
LP000784,Male,Married,0.0,Not Graduate,No,4823,4589,28175.0,240.0,1.0,Semiurban,Y
LP000785,Male,Single,0.0,Not Graduate,No,6708,0,23273.0,300.0,1.0,Urban,Y
LP000786,Female,Single,0.0,Graduate,No,7349,204,19748.0,360.0,1.0,Urban,Y
LP000787,Female,Married,0.0,Graduate,Yes,1000,3612,7732.0,240.0,,Semiurban,Y
LP000788,Male,Married,2.0,Not Graduate,,1941,716,9007.0,120.0,0.0,Rural,Y
LP000789,Male,Single,1.0,Not Graduate,No,3426,1726,10671.0,240.0,1.0,Rural,Y
LP000790,Male,Single,2.0,Graduate,No,1000,0,3488.0,240.0,,Rural,Y
LP000791,Female,Married,1.0,Not Graduate,Yes,5532,2177,20259.0,120.0,1.0,Urban,Y
LP000792,Female,Single,1.0,Graduate,No,8130,1393,34842.0,180.0,,Semiurban,Y
LP000793,Male,Married,0.0,Not Graduate,No,4920,1010,12863.0,360.0,1.0,Rural,Y
LP000794,Female,Single,2.0,Graduate,Yes,7345,0,12738.0,360.0,1.0,Semiurban,Y
LP000795,Male,Single,0.0,Graduate,No,7617,461,20406.0,120.0,1.0,Rural,Y
LP000796,Female,Single,2.0,Graduate,,4034,315,7656.0,180.0,1.0,Rural,Y
LP000797,Male,Single,0.0,Graduate,,9393,1328,10968.0,360.0,1.0,Rural,Y
LP000798,Female,Single,2.0,Not Graduate,No,2676,0,5298.0,120.0,1.0,Urban,Y
LP000799,Male,Married,1.0,Graduate,Yes,7474,825,14627.0,240.0,1.0,Rural,Y
LP000800,Male,Married,2.0,Not Graduate,Yes,2988,3310,16094.0,240.0,1.0,Urban,Y
LP000801,Male,Single,3.0,Not Graduate,Yes,3195,641,7912.0,240.0,,Urban,Y
LP000802,Female,Married,2.0,Graduate,Yes,6740,5510,43761.0,240.0,0.0,Semiurban,N
LP000803,Female,Married,3.0,Not Graduate,No,2101,4244,,300.0,1.0,Rural,Y
LP000804,Female,Married,0.0,Graduate,No,3321,4228,28160.0,300.0,1.0,Urban,Y
LP000805,Female,Single,0.0,Not Graduate,No,2193,0,7267.0,240.0,1.0,Urban,Y
LP000806,Male,Single,2.0,Not Graduate,Yes,5678,941,18350.0,300.0,1.0,Rural,Y
LP000807,Female,Married,2.0,Not Graduate,No,7172,1010,27310.0,120.0,1.0,Urban,Y
LP000808,Female,Married,3.0,Graduate,Yes,12361,2655,37017.0,180.0,1.0,Semiurban,Y
LP000809,Female,Single,2.0,Graduate,Yes,1523,911,,300.0,1.0,Urban,Y
LP000810,Female,Single,1.0,Graduate,Yes,6297,1399,17183.0,360.0,1.0,Urban,Y
LP000811,Male,Married,3.0,Not Graduate,No,7693,1470,22734.0,120.0,1.0,Rural,Y
LP000812,Male,Married,0.0,Not Graduate,No,5476,3337,19427.0,360.0,0.0,Rural,N
LP000813,Male,Married,0.0,Graduate,Yes,7287,4239,24787.0,180.0,0.0,Urban,N
LP000814,Female,Single,0.0,Graduate,No,1278,1899,,120.0,0.0,Urban,N
LP000815,Female,Single,0.0,Graduate,No,2300,1051,7029.0,120.0,1.0,Urban,Y
LP000816,Female,Single,2.0,Graduate,Yes,7356,735,18710.0,300.0,1.0,Urban,Y
LP000817,Female,Single,3.0,Not Graduate,No,3040,0,5371.0,360.0,1.0,Urban,Y
LP000818,Male,Married,2.0,Not Graduate,No,3504,2899,,180.0,1.0,Semiurban,Y
LP000819,Male,Married,2.0,Not Graduate,No,8046,5230,27029.0,300.0,,Rural,N
LP000820,Female,Married,2.0,Graduate,No,8733,3749,35918.0,,1.0,Rural,Y
LP000821,Female,Single,3.0,Graduate,No,6746,1094,22624.0,360.0,1.0,Semiurban,Y
LP000822,Male,Single,1.0,Graduate,No,2477,1195,11786.0,300.0,1.0,Rural,Y
LP000823,Male,Single,1.0,Not Graduate,No,3091,530,11031.0,300.0,1.0,Urban,Y
LP000824,Female,Single,0.0,Graduate,Yes,5819,1358,31514.0,,1.0,Rural,Y
LP000825,Female,Married,1.0,Not Graduate,No,3642,928,12535.0,120.0,,Rural,Y
LP000826,Male,Single,1.0,Graduate,No,8845,315,33549.0,300.0,1.0,Semiurban,Y
LP000827,Male,Single,3.0,Graduate,Yes,2149,1054,6455.0,360.0,1.0,Urban,Y
LP000828,Female,Married,2.0,Not Graduate,No,11158,5988,32348.0,120.0,1.0,Rural,Y
LP000829,Female,Single,3.0,Graduate,Yes,4713,1187,12922.0,300.0,1.0,Rural,Y
LP000830,Male,Married,3.0,Not Graduate,Yes,5863,3038,8582.0,180.0,,Semiurban,N
LP000831,Male,Single,0.0,Graduate,No,6455,0,13591.0,300.0,1.0,Rural,Y
LP000832,Female,Single,2.0,Not Graduate,No,8609,0,27123.0,240.0,1.0,Urban,Y
LP000833,Female,Married,2.0,Not Graduate,Yes,5163,2580,,180.0,0.0,Semiurban,Y
LP000834,Female,Married,0.0,Not Graduate,No,7020,3855,35610.0,300.0,1.0,Semiurban,Y
LP000835,Female,Single,1.0,Graduate,No,5423,10,8866.0,240.0,1.0,Urban,Y
LP000836,Female,Married,3.0,Not Graduate,Yes,3523,7423,38264.0,240.0,1.0,Urban,Y
LP000837,Female,Single,0.0,Graduate,Yes,2109,0,6085.0,300.0,1.0,Rural,Y
LP000838,Male,Married,1.0,Graduate,Yes,9934,3823,31586.0,240.0,1.0,Urban,Y
LP000839,Male,Married,2.0,Graduate,Yes,7310,3491,27744.0,300.0,1.0,Rural,Y
LP000840,Female,Married,3.0,Graduate,No,1000,2655,6647.0,240.0,1.0,Urban,Y
LP000841,Female,Single,2.0,Graduate,Yes,7069,2888,27819.0,360.0,1.0,Semiurban,Y
LP000842,Female,Married,1.0,Not Graduate,No,5059,4382,27248.0,180.0,1.0,Semiurban,Y
LP000843,Male,Single,3.0,Graduate,No,7865,985,36685.0,180.0,1.0,Semiurban,Y
LP000844,Male,Married,1.0,Graduate,Yes,3389,3710,12486.0,240.0,1.0,Rural,Y
LP000845,Male,Single,0.0,Not Graduate,No,6388,0,13837.0,,1.0,Semiurban,Y
LP000846,Male,Married,2.0,Graduate,Yes,6649,4463,35944.0,300.0,1.0,Urban,Y
LP000847,Female,Single,0.0,Graduate,Yes,2451,543,5785.0,120.0,1.0,Urban,Y
LP000848,Female,Single,0.0,Graduate,No,2409,326,6162.0,300.0,1.0,Urban,Y
LP000849,Female,Single,2.0,Not Graduate,No,11066,846,16651.0,180.0,1.0,Rural,Y
LP000850,Male,Married,2.0,Graduate,No,5597,4532,42245.0,360.0,1.0,Rural,Y
LP000851,Female,Single,1.0,Not Graduate,No,1035,0,4136.0,120.0,0.0,Rural,N
LP000852,Male,Single,2.0,Graduate,No,7766,0,22736.0,300.0,1.0,Rural,Y
LP000853,Male,Single,0.0,Graduate,Yes,1000,502,4148.0,240.0,1.0,Rural,Y
LP000854,Female,Married,0.0,Graduate,,11404,1479,33090.0,360.0,1.0,Semiurban,Y
LP000855,Female,Single,1.0,Graduate,Yes,3492,704,7484.0,240.0,1.0,Urban,Y
LP000856,Male,Married,2.0,Not Graduate,Yes,4775,1506,18974.0,360.0,,Rural,Y
LP000857,Male,Married,3.0,Not Graduate,,8575,2648,28400.0,120.0,1.0,Rural,Y
LP000858,Male,Married,1.0,Not Graduate,Yes,1654,2550,10341.0,120.0,1.0,Semiurban,Y
LP000859,Male,Married,0.0,Graduate,Yes,18021,1332,,180.0,,Rural,Y
LP000860,Female,Married,0.0,Not Graduate,No,8990,3420,48484.0,360.0,0.0,Rural,N
LP000861,Male,Single,3.0,Not Graduate,No,5930,811,,360.0,1.0,Semiurban,Y
LP000862,Male,Married,0.0,Not Graduate,No,9670,4644,28620.0,300.0,1.0,Urban,Y
LP000863,Female,Married,0.0,Graduate,No,2654,2695,9948.0,360.0,0.0,Urban,Y
LP000864,Female,Married,0.0,Graduate,No,7552,4856,26480.0,240.0,1.0,Rural,Y
LP000865,Female,Single,1.0,Graduate,No,6360,546,21952.0,180.0,0.0,Urban,N
LP000866,Male,Married,3.0,Graduate,No,1000,2089,8244.0,,1.0,Urban,Y
LP000867,Female,Single,0.0,Graduate,Yes,10400,106,10492.0,,,Rural,Y
LP000868,Male,Married,0.0,Graduate,No,10216,2046,18984.0,240.0,1.0,Rural,Y
LP000869,Male,Married,3.0,Not Graduate,No,4126,2723,13808.0,240.0,0.0,Rural,Y
LP000870,Male,Single,2.0,Graduate,Yes,1000,1217,7803.0,360.0,1.0,Rural,Y
LP000871,Male,Married,2.0,Not Graduate,No,7954,1293,21626.0,240.0,1.0,Semiurban,Y
LP000872,Male,Married,0.0,Graduate,No,7774,3898,35420.0,300.0,1.0,Rural,Y
LP000873,Female,Married,1.0,Not Graduate,No,3797,3122,19828.0,,1.0,Semiurban,Y
LP000874,Male,Married,1.0,Graduate,No,13477,4056,54900.0,120.0,1.0,Urban,Y
LP000875,Male,Married,2.0,Graduate,No,8126,5115,37443.0,240.0,1.0,Semiurban,Y
LP000876,Female,Single,3.0,Not Graduate,Yes,2847,1622,13667.0,360.0,1.0,Urban,Y
LP000877,Male,Married,1.0,Not Graduate,Yes,4670,2280,19023.0,180.0,1.0,Semiurban,Y
LP000878,Female,Married,3.0,Graduate,Yes,9606,3295,35465.0,120.0,1.0,Semiurban,Y
LP000879,Male,Married,2.0,Not Graduate,Yes,11099,4607,41660.0,300.0,0.0,Semiurban,Y
LP000880,Male,Married,1.0,Not Graduate,Yes,8823,1451,28955.0,180.0,0.0,Rural,Y
LP000881,Male,Married,1.0,Graduate,Yes,14856,2672,,120.0,0.0,Urban,N
LP000882,Male,Single,0.0,Not Graduate,Yes,3369,0,6307.0,120.0,1.0,Semiurban,Y
LP000883,Male,Single,0.0,Graduate,,5295,0,13303.0,180.0,1.0,Urban,Y
LP000884,Female,Single,3.0,Graduate,Yes,9432,0,35043.0,300.0,1.0,Rural,Y
LP000885,Male,Single,1.0,Graduate,No,8160,1324,18718.0,180.0,1.0,Rural,Y
LP000886,Male,Married,3.0,Graduate,Yes,11132,1362,,300.0,1.0,Rural,Y
LP000887,Female,Single,3.0,Graduate,No,7058,942,,120.0,1.0,Semiurban,Y
LP000888,Female,Single,,Not Graduate,Yes,2762,977,6510.0,180.0,1.0,Urban,Y
LP000889,Male,Single,1.0,Not Graduate,No,6158,0,19573.0,240.0,1.0,Semiurban,Y
LP000890,Male,Married,0.0,Not Graduate,No,2302,3828,18393.0,300.0,1.0,Rural,Y
LP000891,Female,Single,3.0,Not Graduate,No,3258,965,11437.0,240.0,1.0,Semiurban,Y
LP000892,Female,Married,1.0,Not Graduate,Yes,4383,1487,5458.0,120.0,1.0,Semiurban,N
LP000893,Female,Married,2.0,Graduate,Yes,9163,652,25286.0,360.0,1.0,Urban,Y
LP000894,Female,Married,2.0,Not Graduate,No,5209,4018,20837.0,120.0,,Rural,Y
LP000895,Female,Married,2.0,Not Graduate,No,5011,4097,25211.0,240.0,0.0,Rural,N
LP000896,Male,Single,1.0,Not Graduate,Yes,5790,875,8474.0,180.0,0.0,Urban,Y
LP000897,Female,Single,2.0,Graduate,No,8959,989,16778.0,180.0,1.0,Rural,Y
LP000898,Female,Single,0.0,Not Graduate,Yes,4389,468,11619.0,300.0,0.0,Semiurban,N
LP000899,Male,Single,2.0,Not Graduate,Yes,5834,1645,25169.0,240.0,1.0,Semiurban,Y
LP000900,Female,Single,0.0,Graduate,Yes,2235,997,11516.0,180.0,0.0,Semiurban,N
LP000901,Female,Single,1.0,Not Graduate,Yes,5967,1372,30161.0,300.0,1.0,Semiurban,Y
LP000902,Female,Single,0.0,Graduate,Yes,9827,699,35115.0,300.0,1.0,Rural,Y
LP000903,Male,Married,,Graduate,,8365,3035,25295.0,120.0,1.0,Semiurban,Y
LP000904,Male,Single,0.0,Not Graduate,Yes,8908,0,,180.0,1.0,Semiurban,Y
LP000905,Male,Married,3.0,Not Graduate,Yes,7499,901,23470.0,240.0,0.0,Urban,Y
LP000906,Male,Single,3.0,Not Graduate,Yes,1000,1000,6416.0,300.0,1.0,Semiurban,Y
LP000907,Female,Single,1.0,Graduate,,4574,598,21015.0,240.0,,Semiurban,Y
LP000908,Male,Single,3.0,Not Graduate,No,3735,0,13764.0,300.0,1.0,Urban,Y
LP000909,Female,Single,2.0,Not Graduate,Yes,9906,502,34441.0,240.0,1.0,Rural,Y
LP000910,Female,Single,1.0,Graduate,No,10859,0,22931.0,360.0,,Urban,Y
LP000911,Female,Married,1.0,Not Graduate,No,9692,5527,44900.0,300.0,1.0,Semiurban,Y
LP000912,Male,Single,3.0,Not Graduate,Yes,2800,2089,10145.0,120.0,1.0,Urban,Y
LP000913,Male,Single,3.0,Not Graduate,No,4162,773,18473.0,180.0,1.0,Urban,Y
LP000914,Male,Single,3.0,Not Graduate,No,7134,831,22864.0,360.0,1.0,Rural,Y
LP000915,Female,Married,3.0,Not Graduate,Yes,6130,3837,,180.0,,Rural,Y
LP000916,Female,Married,3.0,Graduate,Yes,6643,3361,15798.0,360.0,1.0,Urban,Y
LP000917,Male,Married,0.0,Graduate,No,9306,2693,46848.0,360.0,1.0,Rural,Y
LP000918,Male,Single,2.0,Not Graduate,Yes,8932,127,21554.0,,1.0,Semiurban,Y
LP000919,Male,Single,1.0,Graduate,Yes,6259,138,16990.0,360.0,1.0,Urban,Y
LP000920,Male,Married,1.0,Graduate,,4842,1304,18426.0,180.0,1.0,Rural,Y
LP000921,Female,Single,1.0,Graduate,No,8545,0,27483.0,240.0,1.0,Urban,Y
LP000922,Female,Married,0.0,Not Graduate,No,4105,3379,23621.0,360.0,1.0,Semiurban,Y
LP000923,Female,Single,0.0,Graduate,Yes,6390,863,15135.0,240.0,1.0,Rural,Y
LP000924,Male,Married,2.0,Graduate,No,7033,2691,18502.0,240.0,1.0,Rural,Y
LP000925,,Single,3.0,Graduate,No,5925,0,12484.0,360.0,1.0,Rural,Y
LP000926,Male,Married,1.0,Graduate,Yes,6688,2615,21460.0,120.0,1.0,Semiurban,Y
LP000927,Male,Married,1.0,Not Graduate,No,5814,3719,,120.0,1.0,Semiurban,Y
LP000928,Male,Married,3.0,Not Graduate,,4050,1195,8740.0,120.0,1.0,Urban,Y
LP000929,Female,Single,0.0,Graduate,No,4916,218,9672.0,120.0,1.0,Rural,Y
LP000930,Male,Married,3.0,Not Graduate,Yes,2111,2315,11707.0,240.0,1.0,Urban,Y
LP000931,Male,Married,0.0,Graduate,Yes,10120,2163,26649.0,180.0,1.0,Rural,Y
LP000932,Male,Married,0.0,Not Graduate,No,3219,2952,11238.0,120.0,1.0,Urban,Y
LP000933,Male,Married,2.0,Not Graduate,No,7719,321,17786.0,180.0,1.0,Semiurban,Y
LP000934,Female,Single,3.0,Graduate,No,7478,647,37817.0,240.0,1.0,Rural,Y
LP000935,Male,Single,0.0,Not Graduate,No,5874,0,14236.0,360.0,0.0,Semiurban,N
LP000936,Male,Married,2.0,Not Graduate,No,1000,2879,7112.0,120.0,1.0,Semiurban,Y
LP000937,Female,Married,2.0,Graduate,No,11370,2175,32597.0,180.0,1.0,Urban,Y
LP000938,Female,Single,3.0,Not Graduate,No,3411,1891,11892.0,120.0,,Semiurban,Y
LP000939,Male,Single,0.0,Graduate,No,12455,1151,39262.0,300.0,1.0,Semiurban,Y
LP000940,Female,Single,2.0,Graduate,No,7698,815,8154.0,,1.0,Urban,Y
LP000941,Female,Married,1.0,Not Graduate,No,5163,4267,23206.0,180.0,1.0,Rural,Y
LP000942,Male,Married,0.0,Graduate,No,2319,2921,20243.0,240.0,,Urban,Y
LP000943,Male,Single,1.0,Not Graduate,No,8117,450,27938.0,120.0,,Rural,Y
LP000944,Female,Single,3.0,Graduate,Yes,5308,0,9344.0,300.0,,Semiurban,Y
LP000945,Female,Married,3.0,Not Graduate,Yes,10688,2589,30607.0,180.0,0.0,Urban,Y
LP000946,Female,Single,2.0,Not Graduate,Yes,4250,2023,23842.0,180.0,1.0,Rural,Y
LP000947,Female,Married,0.0,Not Graduate,Yes,12656,2761,42188.0,180.0,1.0,Rural,Y
LP000948,Male,Single,,Not Graduate,Yes,1208,1681,4523.0,180.0,,Urban,Y
LP000949,Female,Married,2.0,Graduate,Yes,8645,1354,20287.0,240.0,1.0,Urban,Y
LP000950,Female,Married,0.0,Graduate,Yes,4534,2088,13698.0,300.0,1.0,Semiurban,Y
LP000951,Female,Single,3.0,Not Graduate,No,3629,1166,7749.0,120.0,1.0,Semiurban,N
LP000952,Male,Single,3.0,Not Graduate,Yes,5551,1474,,120.0,0.0,Urban,Y
LP000953,Female,Married,0.0,Graduate,No,5000,2654,26358.0,180.0,1.0,Rural,Y
LP000954,Female,Single,1.0,Graduate,No,7130,75,20801.0,360.0,1.0,Urban,Y
LP000955,Female,Single,,Not Graduate,No,2244,1045,9297.0,300.0,0.0,Semiurban,N
LP000956,Female,Married,3.0,Not Graduate,Yes,5076,1742,12208.0,180.0,0.0,Rural,N
LP000957,Male,Married,3.0,Graduate,No,9885,4843,,300.0,0.0,Semiurban,Y
LP000958,Female,Married,3.0,Graduate,Yes,9587,0,19483.0,180.0,1.0,Rural,Y
LP000959,Male,Single,0.0,Graduate,No,6399,0,11203.0,240.0,1.0,Urban,Y
LP000960,Female,Married,1.0,Not Graduate,Yes,3996,3438,17470.0,120.0,0.0,Rural,N
LP000961,Male,Single,3.0,Not Graduate,No,1000,0,2014.0,180.0,1.0,Urban,Y
LP000962,Male,Married,2.0,Graduate,Yes,9584,0,20128.0,300.0,1.0,Semiurban,Y
LP000963,Male,Single,0.0,Graduate,No,4789,1610,14026.0,240.0,1.0,Semiurban,Y
LP000964,Male,Married,0.0,Not Graduate,Yes,7148,3211,8241.0,300.0,0.0,Semiurban,Y
LP000965,Female,Married,3.0,Not Graduate,Yes,8304,3323,33795.0,300.0,1.0,Rural,Y
LP000966,Male,Single,2.0,Graduate,No,19260,0,74724.0,300.0,1.0,Urban,Y
LP000967,Female,Married,2.0,Graduate,Yes,6678,3430,24901.0,180.0,1.0,Urban,Y
LP000968,,Single,3.0,Not Graduate,Yes,3939,44,11007.0,360.0,1.0,Semiurban,Y
LP000969,Female,Single,3.0,Not Graduate,Yes,1207,1100,4999.0,300.0,0.0,Semiurban,N
LP000970,Male,Single,0.0,Graduate,No,2827,139,10397.0,300.0,0.0,Urban,N
LP000971,Female,Single,1.0,Graduate,No,4760,786,10621.0,240.0,1.0,Urban,Y
LP000972,Male,Married,2.0,Graduate,Yes,10755,4028,58819.0,240.0,0.0,Semiurban,N
LP000973,Male,Married,0.0,Not Graduate,No,5473,4002,,180.0,0.0,Urban,N
LP000974,Female,Single,1.0,Not Graduate,Yes,8239,0,25507.0,360.0,1.0,Semiurban,Y
LP000975,Male,Single,0.0,Not Graduate,No,4513,448,12766.0,120.0,1.0,Semiurban,Y
LP000976,Male,Married,0.0,Graduate,No,8783,2825,31013.0,300.0,1.0,Rural,Y
LP000977,Female,Single,0.0,Graduate,No,11628,1288,41270.0,240.0,0.0,Rural,Y
LP000978,Male,Married,2.0,Graduate,Yes,6023,1666,25098.0,240.0,0.0,Urban,Y
LP000979,Female,Married,0.0,Graduate,Yes,11216,5209,33126.0,180.0,1.0,Rural,Y
LP000980,Female,,0.0,Graduate,Yes,5753,0,12576.0,300.0,1.0,Urban,Y
LP000981,Female,Married,0.0,Graduate,No,11686,2300,42131.0,120.0,0.0,Urban,Y
LP000982,Male,Married,2.0,Graduate,No,7057,3486,16677.0,300.0,,Rural,Y
LP000983,Female,Single,1.0,Graduate,Yes,6776,0,15926.0,180.0,1.0,Urban,Y
LP000984,Male,Married,1.0,Not Graduate,No,1108,4808,18469.0,180.0,0.0,Semiurban,Y
LP000985,Female,Single,3.0,Graduate,No,8016,1716,16942.0,240.0,1.0,Semiurban,Y
LP000986,Male,Married,0.0,Not Graduate,Yes,11242,4398,36140.0,120.0,1.0,Rural,Y
LP000987,Male,Single,1.0,Not Graduate,No,7839,0,14426.0,240.0,1.0,Rural,Y
LP000988,Female,Married,0.0,Not Graduate,Yes,4174,2206,10557.0,120.0,,Semiurban,Y
LP000989,Female,Married,1.0,Not Graduate,Yes,9669,2611,34163.0,360.0,1.0,Urban,Y
LP000990,Male,Married,1.0,Not Graduate,No,4288,269,12377.0,360.0,1.0,Rural,Y
LP000991,,Single,0.0,Graduate,Yes,1000,445,2030.0,120.0,0.0,Semiurban,Y
LP000992,Female,Single,1.0,Not Graduate,Yes,9968,1229,28939.0,300.0,1.0,Rural,Y
LP000993,Female,Single,0.0,Not Graduate,Yes,8159,0,23944.0,300.0,1.0,Semiurban,Y
LP000994,Female,Single,2.0,Not Graduate,No,5499,711,21846.0,300.0,0.0,Urban,Y
LP000995,,Single,3.0,Not Graduate,Yes,6831,730,8892.0,360.0,1.0,Urban,Y
LP000996,Male,Married,0.0,Not Graduate,No,3119,2815,15278.0,360.0,0.0,Semiurban,N
LP000997,Male,Single,3.0,Graduate,No,2826,2429,19512.0,,1.0,Rural,Y
LP000998,Female,Single,1.0,Graduate,No,8456,557,21002.0,180.0,1.0,Rural,Y
LP000999,Male,Married,2.0,Graduate,No,4087,3116,19492.0,360.0,1.0,Semiurban,Y
LP001000,Male,Single,1.0,Graduate,No,2464,767,7676.0,120.0,1.0,Semiurban,Y
